word,ease_score
ЧТО,6.9400
КАК,6.7000
ЭТО,6.5800
ДЛЯ,6.5200
ВСЕ,6.4300
ТАК,6.3400
ЧТО-ТО,6.2100
УЖЕ,6.1600
ЕСЛИ,6.1500
ИЛИ,6.1200
ОНИ,6.1000
КОГДА,6.1000
ПРИ,6.0900
ТОЛЬКО,6.0600
КТО,6.0600
ОНА,6.0400
НЕТ,6.0100
ЕСТЬ,5.9900
ВРЕМЯ,5.9600
ЧТОБЫ,5.9500
ВОТ,5.9500
ЧЕМ,5.9500
ГДЕ,5.9300
ПОД,5.9300
ПОСЛЕ,5.9200
ОЧЕНЬ,5.8900
БЫТЬ,5.8800
ТАКЖЕ,5.8700
ТОМ,5.8500
ДАЖЕ,5.8400
БЕЗ,5.8200
ТАМ,5.8100
МОЖНО,5.7900
РАЗ,5.7900
КТО-ТО,5.7700
ЭТОТ,5.7500
СЕБЯ,5.7500
БОЛЕЕ,5.7400
ПРОСТО,5.7200
ОДИН,5.7200
США,5.7100
СЕЙЧАС,5.7000
НАДО,5.6900
ГДЕ-ТО,5.6700
ТОЖЕ,5.6600
ДЕНЬ,5.6400
ПОКА,5.6300
ЧЕРЕЗ,5.6300
ТЕПЕРЬ,5.6200
ЧЕЛОВЕК,5.6100
ГОД,5.6100
ДВА,5.6100
ТУТ,5.6000
КОТОРЫЙ,5.5900
МОЙ,5.5700
СЕГОДНЯ,5.5600
ЕЩЁ,5.5600
ПОЧЕМУ,5.5500
МЕЖДУ,5.5400
ЗДЕСЬ,5.5300
ТАКОЙ,5.5200
НАД,5.5200
ТОТ,5.5100
ВСЕГДА,5.5000
МНОГО,5.5000
ТРИ,5.5000
ТОГДА,5.4800
ЖИЗНЬ,5.4800
ПОТОМУ,5.4800
ЛИШЬ,5.4800
ДЕЛО,5.4700
МЕСТО,5.4600
ПОТОМ,5.4600
ОДНАКО,5.4600
САМ,5.4400
ХОТЯ,5.4200
ЛУЧШЕ,5.4200
ХОРОШО,5.4100
КАКОЙ,5.4100
ВЕДЬ,5.4100
ПРОТИВ,5.4100
ПЕРЕД,5.4000
ВМЕСТЕ,5.3800
ДОМ,5.3600
СВОЙ,5.3600
ИМЕННО,5.3500
ПЕРВЫЙ,5.3300
СССР,5.3300
НОВЫЙ,5.3200
ПОЧТИ,5.3200
ОКОЛО,5.3200
ВООБЩЕ,5.3100
ОНО,5.3100
ПРО,5.3100
ПОЭТОМУ,5.3000
СДЕЛАТЬ,5.3000
ЧАСТЬ,5.3000
ЛИБО,5.3000
КОНЕЧНО,5.2900
КРОМЕ,5.2900
НЕСКОЛЬКО,5.2800
СРЕДИ,5.2800
ДЕНЬГИ,5.2700
ВОПРОС,5.2700
ДРУГ,5.2700
ПОТОМУ ЧТО,5.2600
СПАСИБО,5.2500
НИКТО,5.2400
НИКОГДА,5.2400
ДЕЛАТЬ,5.2400
КАЖДЫЙ,5.2300
НАЗАД,5.2300
МИР,5.2300
КУДА,5.2300
СРАЗУ,5.2100
ЗАТЕМ,5.2100
СНОВА,5.2000
ВЕСЬ,5.2000
ИМЯ,5.1600
ВТОРОЙ,5.1500
ДРУГОЙ,5.1500
СКОЛЬКО,5.1500
СОВСЕМ,5.1500
НЕЛЬЗЯ,5.1500
ПРАВДА,5.1400
СКАЗАТЬ,5.1300
НАЙТИ,5.1300
ФИЛЬМ,5.1200
ГОРОД,5.1000
НОЧЬ,5.1000
ХОТЬ,5.1000
МЕНЕЕ,5.1000
ЖИТЬ,5.0900
ПЯТЬ,5.0900
ЗАЧЕМ,5.0900
ДАВНО,5.0900
ТОЧНО,5.0900
ЧАСТО,5.0900
СЫН,5.0800
РОЛЬ,5.0800
ИНОГДА,5.0700
МОСКВА,5.0700
МОМЕНТ,5.0700
НАПРИМЕР,5.0700
ВЧЕРА,5.0600
ЧУТЬ,5.0600
ПУСТЬ,5.0600
РАВНО,5.0600
БОЛЬШОЙ,5.0500
СТАТЬ,5.0500
МЕЖДУ ТЕМ,5.0500
РАБОТА,5.0300
БЫСТРО,5.0300
СЛИШКОМ,5.0300
МНОГИЕ,5.0300
УЧАСТИЕ,5.0300
ПЕРИОД,5.0300
МАМА,5.0200
МАЛО,5.0200
ЗАВТРА,5.0100
РЯД,5.0100
ОПЯТЬ,5.0100
СКОРО,5.0100
БУДТО,5.0000
ОТЕЦ,4.9900
САМЫЙ,4.9900
ТАКИ,4.9900
ЧИСЛО,4.9900
ЧАС,4.9900
ВИД,4.9800
ПРАВО,4.9700
МАТЬ,4.9700
ЛИЦО,4.9600
ПРЯМО,4.9600
ДОЛГО,4.9600
ВОЗМОЖНО,4.9600
ВПЕРВЫЕ,4.9600
ПОМОЩЬ,4.9500
СЛОВО,4.9500
ОБЫЧНО,4.9500
НЕМНОГО,4.9500
ПЛОХО,4.9400
ЧЕТЫРЕ,4.9400
СИЛЬНО,4.9400
СУД,4.9400
СЧЕТ,4.9400
ТУДА,4.9400
НАКОНЕЦ,4.9300
ЗАКОН,4.9300
ПУТЬ,4.9300
ВРОДЕ,4.9300
ДОМОЙ,4.9300
ГОВОРИТЬ,4.9200
ЦЕНТР,4.9200
ВНОВЬ,4.9200
СОСТАВ,4.9200
ИГРА,4.9100
ОТВЕТ,4.9100
ВАЖНО,4.9100
РАНЕЕ,4.9100
ГРУППА,4.9000
ПРЕЖДЕ,4.9000
КИНО,4.9000
СОГЛАСНО,4.9000
ВМЕСТО,4.8900
ПОЛЕ,4.8900
ЖЕНЩИНА,4.8800
ГЛАВА,4.8800
ИДТИ,4.8800
ВОКРУГ,4.8800
АВТОР,4.8800
СЕРДЦЕ,4.8700
КЛУБ,4.8700
ЖЕНА,4.8700
ЯЗЫК,4.8700
ЧТОБ,4.8700
РЕЧЬ,4.8700
ЧЛЕН,4.8700
ВДРУГ,4.8600
ЛЮБОЙ,4.8600
ЛЮБОВЬ,4.8600
КСТАТИ,4.8600
РАБОТАТЬ,4.8600
ДАТЬ,4.8600
ОБА,4.8600
ДОЧЬ,4.8600
СЕЗОН,4.8500
ПЛАН,4.8500
ЛЕГКО,4.8500
РАДИ,4.8500
СНАЧАЛА,4.8400
ПОНЯТЬ,4.8400
ТВОЙ,4.8400
БОГ,4.8400
ОСОБЕННО,4.8400
ЛУЧШИЙ,4.8400
СПИСОК,4.8400
ЧЕСТЬ,4.8400
МЕСЯЦ,4.8300
ВЗЯТЬ,4.8300
СВЕТ,4.8300
СИСТЕМА,4.8300
СЮДА,4.8300
ИГРАТЬ,4.8300
УРОВЕНЬ,4.8300
ПРИВЕТ,4.8300
ЗНАТЬ,4.8200
ПРОЕКТ,4.8200
ИНАЧЕ,4.8200
ДОСТАТОЧНО,4.8200
СТОЛЬКО,4.8200
МАТЧ,4.8200
НИЖЕ,4.8200
НЕСМОТРЯ,4.8200
СОВЕТ,4.8100
ИМЕТЬ,4.8100
НАИБОЛЕЕ,4.8100
КНИГА,4.8000
БРАТ,4.8000
МОРЕ,4.8000
ПОСКОЛЬКУ,4.8000
САНКТ,4.8000
СЕМЬЯ,4.7900
ПОЛУЧИТЬ,4.7900
ПОЛ,4.7900
ПОРА,4.7900
РАЗВИТИЕ,4.7900
ПОЛНОСТЬЮ,4.7900
ГОЛОС,4.7800
ЦЕЛЬ,4.7800
ПОСЛЕДНИЙ,4.7800
УТРО,4.7800
ЯСНО,4.7800
ПОСТ,4.7800
РУССКИЙ,4.7700
НАРОД,4.7700
ТРУДНО,4.7600
ДАЛЕКО,4.7600
ШЕСТЬ,4.7600
ВЕСТИ,4.7600
НАВЕРНОЕ,4.7600
ДОВОЛЬНО,4.7600
ПРЕЗИДЕНТ,4.7600
КУРС,4.7600
МЛРД,4.7600
НАЧАЛО,4.7500
БИЗНЕС,4.7500
ВЕЧЕР,4.7500
ОЧЕРЕДЬ,4.7500
ВПОЛНЕ,4.7500
ВНУТРИ,4.7500
РОСТ,4.7500
ИБО,4.7500
БЛАГОДАРЯ,4.7400
ГЛАВНЫЙ,4.7400
УЗНАТЬ,4.7400
ТЕЛО,4.7400
МУЖ,4.7400
КОНЕЦ,4.7300
ОБЛАСТЬ,4.7300
ДЕВУШКА,4.7300
ОТКУДА,4.7300
МУЖЧИНА,4.7300
ДВОЕ,4.7300
КОМАНДА,4.7200
ОПЫТ,4.7200
СЕМЬ,4.7200
ВОЙНА,4.7200
НИКАК,4.7200
ТИП,4.7200
ВЫБОР,4.7200
НОМЕР,4.7100
ПОМОЧЬ,4.7100
ПРАВИЛЬНО,4.7100
ВЛАСТЬ,4.7100
ИДЕЯ,4.7100
ПРИМЕРНО,4.7100
ПОСТОЯННО,4.7100
ФАКТ,4.7100
СРОК,4.7100
РАЗВЕ,4.7000
МИРОВОЙ,4.6900
ВИДЕТЬ,4.6900
ЖДАТЬ,4.6900
РОССИЙСКИЙ,4.6900
ДОКТОР,4.6900
ПЕСНЯ,4.6900
УКРАИНА,4.6900
КОФЕ,4.6900
СОЮЗ,4.6900
ХОРОШИЙ,4.6800
РЕБЯТА,4.6800
ПРОЦЕСС,4.6800
ГЛАЗ,4.6800
ДЕЙСТВИТЕЛЬНО,4.6800
ВЫЙТИ,4.6700
ШАГ,4.6700
ЛАДНО,4.6700
СВЯЗЬ,4.6700
РАНО,4.6700
ЦЕНА,4.6700
ЗАТО,4.6700
СПОСОБ,4.6700
ПАМЯТЬ,4.6600
ПАРЕНЬ,4.6600
СЛУЧАЙ,4.6600
БОЖЕ,4.6600
ВЗГЛЯД,4.6600
ОГОНЬ,4.6600
ОРУЖИЕ,4.6600
ПОНЯТНО,4.6600
НАЧАТЬ,4.6500
ДЕСЯТЬ,4.6500
СМЕРТЬ,4.6500
СМЫСЛ,4.6500
ВИДИМО,4.6500
ДАЛЕЕ,4.6500
ТРЕТИЙ,4.6400
ЖУРНАЛ,4.6400
СПАТЬ,4.6400
ПРОБЛЕМА,4.6400
ПАПА,4.6400
ВИДНО,4.6400
СОН,4.6400
БОЙ,4.6400
ПРИНЯТЬ,4.6300
ВОДА,4.6300
СОВЕРШЕННО,4.6300
СПУСТЯ,4.6300
ВЕСЬМА,4.6300
ИНТЕРЕСНО,4.6300
ВНЕ,4.6300
ДУМАТЬ,4.6200
СПОРТ,4.6200
ПОЖАЛУЙСТА,4.6200
НЕДАВНО,4.6200
ВСКОРЕ,4.6200
ВЫХОД,4.6100
ПИСЬМО,4.6100
ВОВСЕ,4.6100
ГОРАЗДО,4.6100
БОЛЬ,4.6100
ТЕЛЕФОН,4.6000
ПОМИМО,4.6000
СМОТРЕТЬ,4.6000
СТО,4.6000
РОМАН,4.6000
ОДНАЖДЫ,4.5900
СОЗДАТЬ,4.5900
ПРИЯТНО,4.5900
ШКОЛА,4.5900
ВОЗЛЕ,4.5900
НАУЧНО,4.5900
ТРЕНЕР,4.5900
МЕТРО,4.5900
СЕТЬ,4.5900
КУПИТЬ,4.5800
СТОЛ,4.5800
ИСКАТЬ,4.5800
ТЕКСТ,4.5800
ПРОЙТИ,4.5800
БАНК,4.5800
МАСТЕР,4.5800
МИНИСТР,4.5800
ВКЛЮЧАЯ,4.5800
КАПИТАН,4.5700
ВЫБОРЫ,4.5700
ЦЕЛЫЙ,4.5700
БЫВШИЙ,4.5700
ПРАВИЛО,4.5700
НЕВОЗМОЖНО,4.5700
ПАРА,4.5700
УДАР,4.5700
ЯВНО,4.5700
УВИДЕТЬ,4.5600
ГОСПОДИН,4.5600
КЛАСС,4.5600
ДИРЕКТОР,4.5600
РЕЖИМ,4.5600
СТОЛЬ,4.5600
АДРЕС,4.5600
ПРЕМЬЕР,4.5500
МОДЕЛЬ,4.5500
СЛЕДУЮЩИЙ,4.5500
АГА,4.5500
СИЛА,4.5500
ПОЙТИ,4.5500
ОБРАЗ,4.5500
ХОД,4.5500
ВРЯД,4.5500
МУЗЫКА,4.5500
КПСС,4.5500
СЛОВНО,4.5400
МИМО,4.5400
БУДУЩЕЕ,4.5400
ЧЕСТНО,4.5400
ОБО,4.5400
ЗАВОД,4.5400
ЦВЕТ,4.5400
ГАЗ,4.5400
НАСКОЛЬКО,4.5400
РАЙОН,4.5300
ТИХО,4.5300
ГЕНЕРАЛ,4.5300
СОСТОЯНИЕ,4.5300
ПРОГРАММА,4.5300
НАСТОЛЬКО,4.5300
ЗНАК,4.5300
ОСОБО,4.5300
РОТ,4.5300
ВЕРОЯТНО,4.5300
МАШИНА,4.5200
РЕБЕНОК,4.5200
СОЛДАТ,4.5200
ТЯЖЕЛО,4.5200
ЗЕМЛЯ,4.5200
ВЕРНУТЬСЯ,4.5200
ЕДВА,4.5200
ВЛИЯНИЕ,4.5100
ОТЛИЧНО,4.5100
ПОРЯДОК,4.5100
ВЕРНУТЬ,4.5100
ИСПОЛЬЗОВАТЬ,4.5100
РАДИО,4.5100
СТРАНА,4.5100
НОРМАЛЬНО,4.5100
ПОСМОТРЕТЬ,4.5100
МЫСЛЬ,4.5100
ЗАЛ,4.5100
КОРОЛЬ,4.5100
ПРАКТИЧЕСКИ,4.5100
ОТСЮДА,4.5100
РЕЗКО,4.5100
ПОЗДНО,4.5100
ПАРК,4.5100
ОФИЦИАЛЬНЫЙ,4.5100
ШАНС,4.5100
ФОНД,4.5000
УЙТИ,4.5000
ОСТРОВ,4.5000
ТЕАТР,4.5000
ВОСЕМЬ,4.4900
БЕЛЫЙ,4.4900
КРОВЬ,4.4900
ДЕВОЧКА,4.4900
ДАННЫЙ,4.4900
ЦЕРКОВЬ,4.4900
ИТАК,4.4900
СУТКИ,4.4900
КИТАЙ,4.4900
ВЫПУСК,4.4900
ИНТЕРВЬЮ,4.4900
ОСНОВНОЙ,4.4900
ПРОВЕСТИ,4.4900
СПОКОЙНО,4.4900
ОЧЕВИДНО,4.4900
ОБЩИЙ,4.4800
ВАРИАНТ,4.4800
ГОЛОВА,4.4800
СТАРЫЙ,4.4800
МОЛОДОЙ,4.4800
ПОЛНЫЙ,4.4800
ЗАДАЧА,4.4800
ЗАМУЖ,4.4800
ВОЕННО,4.4800
СЕВЕРО,4.4800
КРАЙ,4.4800
ВРАЧ,4.4800
РЕЗУЛЬТАТ,4.4800
ВЕС,4.4800
КЛЮЧ,4.4800
ЭТАП,4.4800
НЫНЕ,4.4800
ОБРАТНО,4.4700
ОТЛИЧИЕ,4.4700
ПЛОЩАДЬ,4.4700
КРУТО,4.4700
СОЛНЦЕ,4.4700
ГЕРОЙ,4.4700
ПОЛИТИКА,4.4700
ТЕМА,4.4700
РАЗМЕР,4.4700
ПЛЮС,4.4700
ФОРМА,4.4600
КОНТРАКТ,4.4600
ПИТЬ,4.4600
ОКНО,4.4600
НЕЧЕГО,4.4600
СТАТЬЯ,4.4600
АКТИВНО,4.4600
ПИТЕР,4.4600
ЕХАТЬ,4.4500
ВПРОЧЕМ,4.4500
ВНИЗ,4.4500
БОЛЬНО,4.4500
АБСОЛЮТНО,4.4500
СЛАВА,4.4500
ОБЯЗАТЕЛЬНО,4.4500
РЫНОК,4.4500
СЕРЬЕЗНО,4.4500
ОДНОВРЕМЕННО,4.4500
ВСТРЕЧА,4.4400
ПИСАТЬ,4.4400
ГАЗЕТА,4.4400
ВЕТЕР,4.4400
СУДЬБА,4.4400
СТРАННО,4.4400
КРАЙНЕ,4.4400
ПЕРЕВОД,4.4400
ХАРАКТЕР,4.4400
БЮРО,4.4400
ПРЯМОЙ,4.4300
ЗОЛОТО,4.4300
МАЛЬЧИК,4.4300
УСПЕХ,4.4300
НАЧАЛЬНИК,4.4300
ВЕЗДЕ,4.4300
ЛЕС,4.4300
ИНСТИТУТ,4.4300
СЛУЧАЙНО,4.4300
ДОЛГ,4.4300
СУТЬ,4.4300
КРУГ,4.4300
ШТАБ,4.4300
ЗАПАД,4.4300
УЖИН,4.4300
ЧЁМ,4.4300
НИКАКОЙ,4.4200
ДУША,4.4200
НЕБО,4.4200
ПОКАЗАТЬ,4.4200
ТРУД,4.4200
СНЯТЬ,4.4200
РЕДКО,4.4200
ДВАЖДЫ,4.4200
АЛЬБОМ,4.4200
ЗОВУТ,4.4200
ДОРОГА,4.4100
БРАТЬ,4.4100
ХРАМ,4.4100
БЛИН,4.4100
ВЕЩЬ,4.4100
ХОДИТЬ,4.4100
ЛЕТНИЙ,4.4100
ТРОЕ,4.4100
ПОБЕДА,4.4100
ЭКОНОМИКА,4.4100
КАФЕ,4.4100
КОМИТЕТ,4.4100
КОНТРОЛЬ,4.4100
ЧАЙ,4.4100
ВЕК,4.4100
СЧИТАТЬ,4.4000
ПРИМЕР,4.4000
ВЕРИТЬ,4.4000
СЕСТРА,4.4000
КАНАЛ,4.4000
ЗАПИСЬ,4.4000
СИДЕТЬ,4.4000
МУЗЕЙ,4.4000
ПОДАРОК,4.4000
ВВЕРХ,4.4000
СТРАШНО,4.4000
СТАТУС,4.4000
НАСТОЯЩИЙ,4.4000
ВЕРА,4.4000
САД,4.4000
ЧИТАТЬ,4.3900
ПОПАСТЬ,4.3900
ИНТЕРЕС,4.3900
ГОСПОДИ,4.3900
УСПЕШНО,4.3900
ПОДРЯД,4.3900
ОТДЕЛ,4.3900
ДОЖДЬ,4.3900
ДУХ,4.3900
ВДОЛЬ,4.3900
ЧИСТО,4.3900
СХЕМА,4.3900
ДОРОГОЙ,4.3800
ВЕЛИКИЙ,4.3800
ВПЕРЕДИ,4.3800
ДОГОВОР,4.3800
ДАТА,4.3800
ВИНА,4.3800
ИГРОК,4.3800
ОФИЦИАЛЬНО,4.3800
МУЖИК,4.3800
НАУКА,4.3800
ЗВУК,4.3800
НЕЧТО,4.3800
ПРЕКРАСНО,4.3800
ЗРЯ,4.3800
НАОБОРОТ,4.3800
ЛЕВ,4.3800
КОМПЛЕКС,4.3800
РЕШИТЬ,4.3700
ДОБРЫЙ,4.3700
УБИТЬ,4.3700
ВОСТОК,4.3700
ЗВЕЗДА,4.3700
КОРАБЛЬ,4.3700
ДОЛЯ,4.3700
ДЕЙСТВИЕ,4.3700
ОЦЕНКА,4.3600
ЗАНИМАТЬСЯ,4.3600
НАЗВАТЬ,4.3600
УЧАСТОК,4.3600
ПРИКАЗ,4.3600
ГОРОДСКОЙ,4.3600
НОС,4.3600
МЯЧ,4.3600
НАВСЕГДА,4.3600
ПРИЧИНА,4.3500
ДАВАТЬ,4.3500
АНАЛИЗ,4.3500
ВОЗДУХ,4.3500
ВЕСЕЛО,4.3500
ДЕПУТАТ,4.3500
ОКРУГА,4.3500
МИЛЫЙ,4.3500
СТИЛЬ,4.3500
ВОН,4.3500
ВЕЧНО,4.3500
БЛОК,4.3500
МЭР,4.3500
МАГАЗИН,4.3400
КРАСНЫЙ,4.3400
СТАРШИЙ,4.3400
НЕУЖЕЛИ,4.3400
ЗДОРОВО,4.3400
РАЗГОВОР,4.3400
ЛИДЕР,4.3400
НИЧТО,4.3400
ДЕВЯТЬ,4.3400
НЕБОЛЬШОЙ,4.3400
ПРОФЕССОР,4.3400
ПОЭТ,4.3400
ИСТОЧНИК,4.3400
ПРЕДСЕДАТЕЛЬ,4.3400
МОЗГ,4.3400
ВЕРНО,4.3400
РЕМОНТ,4.3400
ПЕТЕРБУРГ,4.3400
СМЕШНО,4.3400
БРАК,4.3400
МЕТОД,4.3300
СНЕГ,4.3300
БОРЬБА,4.3300
МОСТ,4.3300
ДОН,4.3300
ПЛАТЬЕ,4.3300
ДОБРО,4.3300
СЕКРЕТАРЬ,4.3300
ИЗМЕНИТЬ,4.3300
СТРАХ,4.3200
РЕШАТЬ,4.3200
ЗАБЫТЬ,4.3200
ПУНКТ,4.3200
ДОСТУП,4.3200
ЛЕТО,4.3200
ИЗВЕСТНЫЙ,4.3200
ОТМЕТИТЬ,4.3200
ОБЕД,4.3200
ШИРОКО,4.3100
КАМЕНЬ,4.3100
ОТНОСИТЕЛЬНО,4.3100
ПРАЗДНИК,4.3100
ВКУС,4.3100
ЧУДО,4.3100
ЕДИНСТВЕННЫЙ,4.3000
ЗОЛОТОЙ,4.3000
РАЗНИЦА,4.3000
КОНЦЕРТ,4.3000
ЧЕМПИОН,4.3000
НАЛИЧИЕ,4.3000
ЭФФЕКТ,4.3000
СУДЬЯ,4.3000
РУКА,4.3000
ЗАПАХ,4.3000
ОТСУТСТВИЕ,4.3000
МЯСО,4.3000
НИКУДА,4.3000
ОТТУДА,4.3000
ЗНАЧИТЕЛЬНО,4.3000
РОВНО,4.3000
ПЛАТИТЬ,4.2900
КОНКУРС,4.2900
РАБОЧИЙ,4.2900
ОСТАТЬСЯ,4.2900
СЛУЖБА,4.2900
ПРИНИМАТЬ,4.2900
ХЛЕБ,4.2900
БЛИЗКО,4.2900
ПОЕЗД,4.2900
КАРТА,4.2900
ЦАРЬ,4.2900
ЯКОБЫ,4.2900
МОЛ,4.2900
ВОЗРАСТ,4.2800
ОБМЕН,4.2800
СОВЕТСКИЙ,4.2800
ЖИВОЙ,4.2800
ПОСТАВИТЬ,4.2800
СЧАСТЬЕ,4.2800
ДОХОД,4.2800
ПРЕМЬЕРА,4.2800
ДВАДЦАТЬ,4.2800
АДВОКАТ,4.2700
ЛЮБИТЬ,4.2700
ВОЕННЫЙ,4.2700
ПРЕДСТАВИТЬ,4.2700
СТЕПЕНЬ,4.2700
СПАСТИ,4.2700
ПРИВЕСТИ,4.2700
ЗДОРОВЬЕ,4.2700
УСТАНОВИТЬ,4.2700
СУММА,4.2700
НАБОР,4.2700
УКАЗ,4.2700
ФЛАГ,4.2700
КНЯЗЬ,4.2700
КАРТИНА,4.2600
СЛУШАТЬ,4.2600
МИНИМУМ,4.2600
ВЫСТАВКА,4.2600
ФОН,4.2600
ЗАМОК,4.2600
ВИНО,4.2600
ПОЖАР,4.2600
СПЕЦИАЛЬНО,4.2600
ПОНИМАТЬ,4.2600
ОТВЕТИТЬ,4.2600
ОСТАВИТЬ,4.2600
РОД,4.2600
ВЫВОД,4.2600
ВЗРЫВ,4.2600
ФАКТИЧЕСКИ,4.2600
УЖАСНО,4.2600
ЗАМЕСТИТЕЛЬ,4.2600
МАЛЕНЬКИЙ,4.2500
ПРОСТОЙ,4.2500
ОТКРЫТЬ,4.2500
ДЯДЯ,4.2500
ОБЪЯСНИТЬ,4.2500
ТОЧКА,4.2500
ОТДАТЬ,4.2500
ЗЛО,4.2500
БАЗА,4.2500
ОБЪЕКТ,4.2500
ДЕД,4.2500
БОРОТЬСЯ,4.2500
СРОЧНО,4.2500
АКТ,4.2500
МОЛОДЕЦ,4.2400
ОФИС,4.2400
ВЫСОКИЙ,4.2400
СИЛЬНЫЙ,4.2400
ИНОЙ,4.2400
ВЫБРАТЬ,4.2400
ПОСТЕПЕННО,4.2400
МОРСКОЙ,4.2400
ПОТОК,4.2400
МАЙОР,4.2400
КРИЗИС,4.2400
НЕФТЬ,4.2400
ПАМЯТНИК,4.2400
ГРУДЬ,4.2300
ПРИЙТИ,4.2300
ДЕРЖАТЬ,4.2300
РОДНОЙ,4.2300
ОТРЯД,4.2300
ПРОДАТЬ,4.2300
ДЕТСКИЙ,4.2300
ФРОНТ,4.2300
СЛЕГКА,4.2300
УЧИТЕЛЬ,4.2300
ШОССЕ,4.2300
УКРАИНСКИЙ,4.2300
ТАКСИ,4.2300
МАЙ,4.2300
ЕДА,4.2300
ЗОНА,4.2300
ГОРЕ,4.2300
УВЫ,4.2300
НЕПЛОХО,4.2200
ДВОР,4.2200
РОССИЯ,4.2200
УРОК,4.2200
ВПЛОТЬ,4.2200
ТЕМПЕРАТУРА,4.2100
ОТКРЫТИЕ,4.2100
ПРИНЦ,4.2100
СОХРАНИТЬ,4.2100
СЕКРЕТ,4.2100
УЛИЦА,4.2100
ДЕРЕВО,4.2100
НАДЕЖДА,4.2100
СОБРАТЬ,4.2100
ВНЕЗАПНО,4.2100
НАПРОТИВ,4.2100
СРЕДНИЙ,4.2100
МАССА,4.2100
СВЯТОЙ,4.2100
ОТКАЗ,4.2100
АЭРОПОРТ,4.2100
ВЫЗОВ,4.2000
УВЕЛИЧИТЬ,4.2000
СОБАКА,4.2000
УГОЛ,4.2000
СЛЕД,4.2000
СКВОЗЬ,4.2000
ПОИСК,4.2000
СВОБОДА,4.2000
ПОПЫТКА,4.2000
ПОДХОД,4.2000
ВОВРЕМЯ,4.2000
СЕЙ,4.2000
КОТ,4.2000
ПРИЗНАТЬ,4.2000
ХАН,4.2000
ХОЗЯИН,4.1900
ТЕХНИКА,4.1900
СИГНАЛ,4.1900
ВОЙТИ,4.1900
АВТОБУС,4.1900
ВСЯКИЙ,4.1900
ОФИЦЕР,4.1900
ЗАЩИТА,4.1900
ТЕПЛО,4.1900
ОРГАН,4.1900
УЧИТЬСЯ,4.1900
НАВЕРНО,4.1900
БАБУШКА,4.1900
ЗАРАНЕЕ,4.1900
ПИВО,4.1900
ВХОД,4.1900
МАТЕРИАЛ,4.1900
НАПИСАТЬ,4.1900
ЛИСТ,4.1900
ПРОВОДИТЬ,4.1900
ХУДОЖНИК,4.1900
БУКВАЛЬНО,4.1900
СБОР,4.1900
ВЫИГРАТЬ,4.1900
МЕНЯТЬ,4.1800
ПОДРУГА,4.1800
СВЕРХУ,4.1800
СУДИТЬ,4.1800
БОЕВОЙ,4.1800
ОШИБКА,4.1800
БИЛЕТ,4.1800
ВРАГ,4.1800
ЛИТЕРАТУРА,4.1800
ПОЛОВИНА,4.1800
ПАРИЖ,4.1800
КУЛЬТУРА,4.1800
СООТВЕТСТВЕННО,4.1800
ОТЕЛЬ,4.1800
ПРАКТИКА,4.1800
МАРТ,4.1700
ОТЛИЧНЫЙ,4.1700
РУБЛЬ,4.1700
ПЛОХОЙ,4.1700
СТОРОНА,4.1700
ПОДНЯТЬ,4.1700
ПИСАТЕЛЬ,4.1700
НЕОЖИДАННО,4.1700
МИГ,4.1700
ЕВРОПА,4.1700
МЕЧ,4.1700
НАРОДНЫЙ,4.1700
ОЧЕРЕДНОЙ,4.1700
СЛЕВА,4.1700
ПЕРЕХОД,4.1700
НЕМАЛО,4.1700
РИС,4.1700
УРА,4.1700
МЕДАЛЬ,4.1700
НИГДЕ,4.1700
ШТАТ,4.1700
ДЛИНА,4.1600
РИСК,4.1600
ЛЕЙТЕНАНТ,4.1600
ПЕТЬ,4.1600
АВТОМОБИЛЬ,4.1600
СТРОИТЬ,4.1600
НАВЕРНЯКА,4.1600
НЕМЕДЛЕННО,4.1600
СОЛЬ,4.1600
БИТВА,4.1600
ПОДУМАТЬ,4.1600
ОГРОМНЫЙ,4.1600
ВОДИТЕЛЬ,4.1600
ШУМ,4.1600
ДОБИТЬСЯ,4.1600
АГЕНТ,4.1500
ОТКРЫТО,4.1500
КРЕДИТ,4.1500
РАССКАЗ,4.1500
МОСКОВСКИЙ,4.1500
БОЛЕЗНЬ,4.1500
АНГЛИЙСКИЙ,4.1500
КОЛЬЦО,4.1500
ЛОЖЬ,4.1500
МЕДЛЕННО,4.1500
ОТВЕЧАТЬ,4.1500
КОМАНДИР,4.1500
ПОЛКОВНИК,4.1500
ПОСТРОИТЬ,4.1500
ПОЛК,4.1500
ПЕРЕДАТЬ,4.1500
УЖАС,4.1500
ДАР,4.1500
ЛИЧНЫЙ,4.1400
КАБИНЕТ,4.1400
ВАЖНЫЙ,4.1400
НОСИТЬ,4.1400
ВЫСОКО,4.1400
БЮДЖЕТ,4.1400
ДИСК,4.1400
ПОЛУЧАТЬ,4.1400
РЕДАКТОР,4.1400
МАК,4.1400
МЕЖДУНАРОДНЫЙ,4.1400
ПРОВЕРИТЬ,4.1400
МАСЛО,4.1400
ЧЕЙ,4.1400
НОЖ,4.1400
ГЛУБОКО,4.1300
ПОНЕДЕЛЬНИК,4.1300
ПЯТЫЙ,4.1300
ПАКЕТ,4.1300
МЕЧТА,4.1300
СТАРИК,4.1300
БЕРЕГ,4.1300
ДОКАЗАТЬ,4.1300
ЗАНЯТЬ,4.1300
ПОВОД,4.1300
ЛАГЕРЬ,4.1300
СЮЖЕТ,4.1300
ПОСОЛ,4.1300
ПРОСТИТЕ,4.1300
КЛИЕНТ,4.1300
ВОСКРЕСЕНЬЕ,4.1200
ПРОДУКТ,4.1200
ПОГОДА,4.1200
ТЕНЬ,4.1200
МИЛЛИОН,4.1200
ЗАКРЫТЬ,4.1200
ОБЕСПЕЧИТЬ,4.1200
ЗАМЕТНО,4.1200
АРХИВ,4.1200
КРАСИВО,4.1200
ПЕРЕГОВОРЫ,4.1200
ИЗО,4.1200
БАР,4.1200
СОК,4.1200
НЕДАЛЕКО,4.1200
ПРОДОЛЖАТЬ,4.1100
СПРАВА,4.1100
СЕВЕР,4.1100
ЛОНДОН,4.1100
ВОЛОС,4.1100
ОТПУСК,4.1100
СУДНО,4.1100
ЗАКАЗ,4.1100
ИЗРАИЛЬ,4.1100
УБРАТЬ,4.1100
КОНСТАНТИН,4.1100
ТОК,4.1100
ИЗБЕЖАТЬ,4.1100
БЕДА,4.1100
ПОБЕДИТЬ,4.1100
СТОЯТЬ,4.1000
УМЕРЕТЬ,4.1000
ПЕРЕЙТИ,4.1000
СЛЕДИТЬ,4.1000
ПОЛГОДА,4.1000
ЭКСПЕРТ,4.1000
ПИЛОТ,4.1000
ПОП,4.1000
ВЫХОДИТЬ,4.1000
НАЗЫВАТЬ,4.1000
ВСЛЕД,4.1000
ЖУРНАЛИСТ,4.1000
ДНО,4.1000
ЛУНА,4.1000
СЭР,4.1000
НАКАНУНЕ,4.1000
ЮЖНЫЙ,4.1000
ГРУЗ,4.1000
ЧЕТВЕРГ,4.0900
ПОНЯТИЕ,4.0900
АППАРАТ,4.0900
МЛАДШИЙ,4.0900
ПРЕДМЕТ,4.0900
ПРОГНОЗ,4.0900
ТОВАР,4.0900
ГРАЖДАНИН,4.0900
КАНДИДАТ,4.0900
РУКОВОДИТЕЛЬ,4.0900
ВСПОМНИТЬ,4.0900
РАССКАЗАТЬ,4.0900
БИТЬ,4.0900
ВОРОТ,4.0900
СМЕХ,4.0900
ОСТАЛЬНОЕ,4.0900
ДОБАВИТЬ,4.0900
РЫБА,4.0900
ПТИЦА,4.0900
ВОЛНА,4.0900
ЗАНЯТЬСЯ,4.0900
ПОМОЩНИК,4.0900
ДОБРЫЙ ДЕНЬ,4.0900
ПОРТ,4.0900
ИСКЛЮЧИТЕЛЬНО,4.0900
МИСТЕР,4.0900
МОЛОКО,4.0800
ПОШЛО,4.0800
МАРШ,4.0800
ХОЛОДНО,4.0800
ОСОБЫЙ,4.0800
ВЫЗВАТЬ,4.0800
КРУПНЫЙ,4.0800
ПОТЕРЯТЬ,4.0800
НЕМЕЦКИЙ,4.0800
СОРОК,4.0800
ПРИНЦИП,4.0800
ПОЛТОРА,4.0800
ОКОНЧАТЕЛЬНО,4.0800
ЭТАЖ,4.0800
СЛУЖИТЬ,4.0800
ЕСТЕСТВЕННО,4.0800
СТРОЙ,4.0800
ДОКЛАД,4.0800
ПРИБЫЛЬ,4.0800
РАЙ,4.0800
СЕЛО,4.0800
ОТДЫХ,4.0700
КРЕСТ,4.0700
ГРОМКО,4.0700
ОСТАВАТЬСЯ,4.0700
БЕЖАТЬ,4.0700
ПРИРОДА,4.0700
КУСОК,4.0700
НЕРЕДКО,4.0700
ПОЛНО,4.0700
ЭПИЗОД,4.0700
РЕГИОН,4.0700
КОРПУС,4.0700
ВВЕСТИ,4.0700
СЦЕНАРИЙ,4.0700
ЕЛЕ,4.0700
ЯРКО,4.0700
ПОКИНУТЬ,4.0700
ЗВОНОК,4.0600
ДВОРЕЦ,4.0600
СТАВИТЬ,4.0600
УДОБНО,4.0600
СИБИРЬ,4.0600
СОТРУДНИК,4.0600
УМНЫЙ,4.0600
ВНИЗУ,4.0600
СЗАДИ,4.0600
СТЕН,4.0600
ОТКАЗАТЬСЯ,4.0600
ЛЕД,4.0600
КУЧА,4.0600
БЕСПЛАТНО,4.0600
МУЖСКОЙ,4.0500
НЕДОСТАТОЧНО,4.0500
СЫГРАТЬ,4.0500
КОСТЮМ,4.0500
РИМ,4.0500
ВСТАТЬ,4.0500
ВЫПИТЬ,4.0500
ЖИТЕЛЬ,4.0500
ШУТКА,4.0500
ОПРЕДЕЛИТЬ,4.0500
РАСТИ,4.0500
НИЖНИЙ,4.0500
КРЕПКО,4.0500
УЕХАТЬ,4.0500
ДУРАК,4.0500
ДОЛЛАР,4.0500
КРИК,4.0500
БОРТ,4.0500
СТРУКТУРА,4.0500
ПОДГОТОВКА,4.0500
БРЕД,4.0500
ОТДЕЛЬНО,4.0500
СТОП,4.0500
ЦИКЛ,4.0500
ДОБРОЕ УТРО,4.0500
КОНФЛИКТ,4.0500
ЗАМЕНИТЬ,4.0500
ЗАЩИЩАТЬ,4.0400
ПОМОГАТЬ,4.0400
ПОКУПАТЬ,4.0400
СДАТЬ,4.0400
ДОРОГО,4.0400
СПРОСИТЬ,4.0400
ОКАЗАТЬСЯ,4.0400
БРОСИТЬ,4.0400
ЧУЖОЙ,4.0400
СОБСТВЕННО,4.0400
КОРОЛЕВА,4.0400
СТРОГО,4.0400
ОЗЕРО,4.0400
ВЫПОЛНИТЬ,4.0400
ОДЕЖДА,4.0400
МАЛЫШ,4.0400
ИЗБАВИТЬСЯ,4.0400
АМЕРИКАНСКИЙ,4.0400
АПРЕЛЬ,4.0300
ЗИМА,4.0300
ЛЮБИМЫЙ,4.0300
СОБЫТИЕ,4.0300
КОМНАТА,4.0300
СЕСТЬ,4.0300
РЕКА,4.0300
ПРАВЫЙ,4.0300
ОТПРАВИТЬ,4.0300
ЖАЛКО,4.0300
ОЖИДАТЬ,4.0300
РАЗУМ,4.0300
ФЛОТ,4.0300
ПОХОД,4.0300
КВАРТИРА,4.0300
ТРИДЦАТЬ,4.0300
ШЕФ,4.0300
ВТОРНИК,4.0200
ЯНВАРЬ,4.0200
ДЕЙСТВОВАТЬ,4.0200
КОСМОС,4.0200
ПОЕХАТЬ,4.0200
СЕРЖАНТ,4.0200
ПОЛЧАСА,4.0200
ОБРАЗЕЦ,4.0200
СИМВОЛ,4.0200
ТАНЕЦ,4.0200
ОКЕАН,4.0200
ПРЕКРАСНЫЙ,4.0200
НЕСТИ,4.0200
ДЫМ,4.0200
АНГЕЛ,4.0200
УХОД,4.0200
ЗАЩИТНИК,4.0200
ЗАЩИТИТЬ,4.0200
СУП,4.0200
ВЕРХ,4.0200
СОБЕСЕДНИК,4.0200
СНИМАТЬ,4.0100
ОБЫЧНЫЙ,4.0100
СЛЫШАТЬ,4.0100
НАУЧНЫЙ,4.0100
ВЕСНА,4.0100
ЧИСТЫЙ,4.0100
ТАЛАНТ,4.0100
КОЖА,4.0100
ПРЕДПРИЯТИЕ,4.0100
СМЕНА,4.0100
ОСТАНОВИТЬ,4.0100
КАМЕРА,4.0100
АРЕСТ,4.0100
СКУЧНО,4.0100
БЛАГО,4.0100
ВПОСЛЕДСТВИИ,4.0100
НАЧИНАТЬ,4.0000
ФИРМА,4.0000
ВЫБИРАТЬ,4.0000
ПОЗАДИ,4.0000
ГОТОВИТЬ,4.0000
НЕТУ,4.0000
ЯЩИК,4.0000
ЖИВОТ,4.0000
ХВОСТ,4.0000
ВЫСОТА,4.0000
ТРАНСПОРТ,4.0000
ВЫЯСНИТЬ,4.0000
НОРМА,4.0000
ПОЛЬША,4.0000
ИЗВИНИТЕ,4.0000
МЕНЮ,4.0000
ГУБЕРНАТОР,4.0000
ВНУТРЬ,4.0000
ОСТОРОЖНО,4.0000
ПРОСИТЬ,4.0000
ПОМНИТЬ,4.0000
МЕСТНЫЙ,4.0000
ГОСПОДЬ,4.0000
ПОРТРЕТ,4.0000
ТЕЧЕНИЕ,3.9900
ГОРЛО,3.9900
ПОДАТЬ,3.9900
УНИВЕРСИТЕТ,3.9900
ШТУКА,3.9900
ЛОШАДЬ,3.9900
ЗАСТАВИТЬ,3.9900
ПОГОВОРИТЬ,3.9900
ВОЛК,3.9900
ПРЕКРАТИТЬ,3.9900
ПОЯС,3.9900
ПОКАЗАТЕЛЬ,3.9900
УХО,3.9900
АМЕРИКА,3.9900
ПОЛЬЗОВАТЬСЯ,3.9900
ЗАВТРАК,3.9900
ДОВЕРИЕ,3.9900
ПОЛИТИК,3.9900
ОЦЕНИТЬ,3.9900
УЧАСТНИК,3.9900
АВГУСТ,3.9800
УЧИТЬ,3.9800
РЕСПУБЛИКА,3.9800
РАЗДЕЛ,3.9800
ЕЗДИТЬ,3.9800
ЕДИНЫЙ,3.9800
КОДЕКС,3.9800
ТЕРМИН,3.9800
ВКУСНО,3.9800
МАРКА,3.9800
ЭКИПАЖ,3.9800
ГЛУПО,3.9800
ТРАТИТЬ,3.9800
КРОВАТЬ,3.9800
ТОВАРИЩ,3.9800
УБИВАТЬ,3.9800
ТЕРПЕТЬ,3.9800
СХОДИТЬ,3.9800
ПОВЕСТИ,3.9800
КАПИТАЛ,3.9800
ВЫСТУПАТЬ,3.9800
ДАМА,3.9800
РОЗА,3.9800
КОЛЛЕКТИВ,3.9800
СЕРЕБРО,3.9700
УСЛЫШАТЬ,3.9700
ДОКУМЕНТ,3.9700
ОТКРЫТЫЙ,3.9700
ПРЕДСТАВИТЕЛЬ,3.9700
РИСУНОК,3.9700
СЫР,3.9700
КЛАДБИЩЕ,3.9700
ТЕРЯТЬ,3.9700
ПОЧТА,3.9700
КОМПЬЮТЕР,3.9700
ОПАСНО,3.9700
ДЕРЬМО,3.9700
МАЛЫЙ,3.9700
СИНИЙ,3.9700
ТРУП,3.9700
НАБЛЮДАТЬ,3.9700
ГРЕХ,3.9700
РАССТОЯНИЕ,3.9700
ФАКТОР,3.9700
СЛЕДСТВИЕ,3.9700
НОЛЬ,3.9700
ГИБЕЛЬ,3.9700
ПРИГОВОР,3.9600
НЕДЕЛЯ,3.9600
ПОДДЕРЖКА,3.9600
ПАЛЕЦ,3.9600
ДОБРАТЬСЯ,3.9600
ВЫПОЛНЯТЬ,3.9600
НОЧНОЙ,3.9600
СЛЫШНО,3.9600
СОЗДАВАТЬ,3.9600
УСТАНОВКА,3.9600
ЗАПАС,3.9600
ОБЛАСТНОЙ,3.9600
СЕКТОР,3.9600
БЕЗУСЛОВНО,3.9600
ВПЕРЁД,3.9600
ПРОШЛЫЙ,3.9600
УХОДИТЬ,3.9600
НАДОЛГО,3.9600
ОСЕНЬ,3.9500
ДРУЖБА,3.9500
УГРОЗА,3.9500
ПРОДАВАТЬ,3.9500
ГОРА,3.9500
РОДИНА,3.9500
ВНИМАТЕЛЬНО,3.9500
АРТИСТ,3.9500
ОХРАНА,3.9500
ЭКРАН,3.9500
СТЕКЛО,3.9500
ВОЛЯ,3.9500
ПОПРОБОВАТЬ,3.9500
ПУТЕШЕСТВИЕ,3.9500
ВИЗИТ,3.9500
РАЗРАБОТКА,3.9500
МИТИНГ,3.9500
НЕВЕРОЯТНО,3.9500
КРАСИВЫЙ,3.9500
УСТРОИТЬ,3.9500
ВЫВЕСТИ,3.9500
ГРУСТНО,3.9500
ОБЩАТЬСЯ,3.9500
СРЕДА,3.9400
ПАЛЬТО,3.9400
ДЫШАТЬ,3.9400
ОХОТА,3.9400
ТЕМНО,3.9400
МУСОР,3.9400
ЖАРКО,3.9400
ЛУК,3.9400
СВАДЬБА,3.9400
НАДПИСЬ,3.9400
ТАБЛИЦА,3.9400
ЭХО,3.9400
ЗАБРАТЬ,3.9400
ПРОВЕРКА,3.9400
ВОПРЕКИ,3.9400
ЗЛОЙ,3.9400
ТАНК,3.9400
СПЕКТАКЛЬ,3.9400
НОЯБРЬ,3.9300
УЧАСТВОВАТЬ,3.9300
ТИШИНА,3.9300
ФИЗИКА,3.9300
ЧЁРНЫЙ,3.9300
УДИВИТЕЛЬНО,3.9300
ФЕВРАЛЬ,3.9300
НАЦИОНАЛЬНЫЙ,3.9300
ЛУЧ,3.9300
ПРИЕХАТЬ,3.9300
ЗЕЛЕНЫЙ,3.9300
ЗЕРКАЛО,3.9300
СОВЕТНИК,3.9300
ИСКРЕННЕ,3.9300
ПЛЕВАТЬ,3.9300
НЕМНОЖКО,3.9300
СПЕЦИАЛИСТ,3.9300
ДОЧКА,3.9300
ЧЕРТА,3.9300
ПРЕДЛОЖИТЬ,3.9300
ТАЙНА,3.9300
СЦЕНА,3.9300
ДВИГАТЕЛЬ,3.9300
ЛОРД,3.9300
ПРОГРЕСС,3.9200
РЕСТОРАН,3.9200
ПОЛОЖИТЬ,3.9200
ШАР,3.9200
ВЛАДЕЛЕЦ,3.9200
ПАН,3.9200
ИЮНЬ,3.9200
ОБУВЬ,3.9200
СУХОЙ,3.9200
РЕШЕНИЕ,3.9200
ГОСУДАРСТВЕННЫЙ,3.9200
ЕЖЕДНЕВНО,3.9200
ИСТОРИЯ,3.9200
КРЕСЛО,3.9200
ПРОДОЛЖИТЬ,3.9200
ТЕЛЕФОННЫЙ,3.9200
СМЕСЬ,3.9200
ОКРУГ,3.9200
ОТДОХНУТЬ,3.9200
СЛОЖНЫЙ,3.9200
КОНТАКТ,3.9200
ШИРОКИЙ,3.9200
ИСТОРИЧЕСКИЙ,3.9200
ИЮЛЬ,3.9100
ТОЛПА,3.9100
СПЕРВА,3.9100
ГЕНЕРАЛЬНЫЙ,3.9100
ТЕСНО,3.9100
НАХОДИТЬСЯ,3.9100
ВСТРЕТИТЬ,3.9100
ПОЗВОЛИТЬ,3.9100
ВЫГЛЯДЕТЬ,3.9100
СТАКАН,3.9100
СПЕЦИАЛЬНЫЙ,3.9100
ПЫЛЬ,3.9100
СЪЕЗД,3.9100
ПОБЕДИТЕЛЬ,3.9100
УДАЧНО,3.9100
ХРЕН,3.9100
РУЛЬ,3.9100
НЫНЧЕ,3.9100
БОЛЬНОЙ,3.9100
ПАСПОРТ,3.9100
ТЯЖЕЛЫЙ,3.9100
ДОСТАТЬ,3.9100
ТОН,3.9100
ПОВЕРИТЬ,3.9100
ПРОЦЕНТ,3.9100
ЖЕНСКИЙ,3.9100
КГБ,3.9100
КРИТИКА,3.9100
СКАНДАЛ,3.9100
НАЛОГ,3.9000
КРУТОЙ,3.9000
ГРУБО,3.9000
ФРАНЦУЗСКИЙ,3.9000
МОЩНЫЙ,3.9000
НЕКУДА,3.9000
ЛЕСНОЙ,3.9000
КАНАДА,3.9000
АТАКА,3.9000
ОКТЯБРЬ,3.9000
СЕНТЯБРЬ,3.9000
ПРИВЛЕЧЬ,3.9000
ПОДРОБНО,3.9000
ПЛАНЕТА,3.9000
ЛОБ,3.9000
ВЫДЕЛИТЬ,3.9000
ФОРМУЛА,3.9000
ДОБРЫЙ ВЕЧЕР,3.9000
ВНИМАНИЕ,3.9000
БАБА,3.9000
СИДЯ,3.9000
СТОЯ,3.9000
ТЩАТЕЛЬНО,3.9000
ИТОГ,3.9000
ШЕСТОЙ,3.8900
ПУСТОЙ,3.8900
РАЗОБРАТЬСЯ,3.8900
КРУГОМ,3.8900
КРЕМЛЬ,3.8900
УБИЙЦА,3.8900
СЕГОДНЯШНИЙ,3.8900
ПЕШКОМ,3.8900
ВОР,3.8900
СВОБОДНО,3.8900
КРАСОТА,3.8900
ИНЖЕНЕР,3.8900
ЧЕТВЕРО,3.8900
СЛУХ,3.8900
НЕПОСРЕДСТВЕННО,3.8900
СТУЛ,3.8900
СТЕНА,3.8900
НАДЕЯТЬСЯ,3.8900
БОЕЦ,3.8900
ВОСТОЧНЫЙ,3.8900
РИТМ,3.8900
НЕЗАВИСИМО,3.8900
ЗАВЕРШИТЬ,3.8900
ДУМА,3.8900
ДЕКАБРЬ,3.8800
СОБИРАТЬ,3.8800
ЭЛЕМЕНТ,3.8800
УБЕДИТЬ,3.8800
СООБЩИТЬ,3.8800
ПРОКУРОР,3.8800
ДНЕВНИК,3.8800
ЦЕЛИКОМ,3.8800
ПЕВЕЦ,3.8800
ВОИН,3.8800
ВЫЖИТЬ,3.8800
СОБСТВЕННЫЙ,3.8800
ФИГУРА,3.8800
ПРОЧЬ,3.8800
РАЗРЫВ,3.8800
СКЛАД,3.8800
ПЕЧАТЬ,3.8800
ПРИНЦЕССА,3.8800
ТРЕТЬ,3.8800
ОБОРОТ,3.8800
ИДИОТ,3.8800
ЧУВСТВОВАТЬ,3.8700
ОБСУЖДАТЬ,3.8700
УПРАВЛЯТЬ,3.8700
НАУЧИТЬСЯ,3.8700
ЛЕТАТЬ,3.8700
ПЛЕЧО,3.8700
ПОКОЙ,3.8700
ШТАНЫ,3.8700
ГРЯЗЬ,3.8700
НЕКИЙ,3.8700
САХАР,3.8700
ЗАОДНО,3.8700
ВИСКИ,3.8700
ВНЕСТИ,3.8700
ДУРА,3.8700
ПЕРЕДАЧА,3.8700
ПОВОРОТ,3.8700
ЗАМЕТИТЬ,3.8700
СТРАННЫЙ,3.8700
ГОЛУБОЙ,3.8700
ПЛАКАТЬ,3.8700
ВКЛЮЧИТЬ,3.8700
ТРУДОВОЙ,3.8700
ПОВСЮДУ,3.8700
ВНАЧАЛЕ,3.8700
УЧЕНЫЙ,3.8600
СКАЗКА,3.8600
КУХНЯ,3.8600
ЛОДКА,3.8600
ПЕСОК,3.8600
МОРОЗ,3.8600
СОСЕД,3.8600
МЯГКО,3.8600
ГРАФА,3.8600
СМЕЛО,3.8600
ТРИЖДЫ,3.8600
СНИЗУ,3.8600
ЛЕНТА,3.8600
ЗАНЯТИЕ,3.8600
ДОМАШНИЙ,3.8600
БОЯТЬСЯ,3.8600
ВНЕШНИЙ,3.8600
ТОРГОВЛЯ,3.8600
ЛЕГЕНДА,3.8600
КОЛ,3.8600
ХОР,3.8600
ЩИТ,3.8600
СЛОЙ,3.8600
ПАРЛАМЕНТ,3.8600
ЗАПЛАТИТЬ,3.8600
ГНЕВ,3.8600
ЛЕЖАТЬ,3.8500
ВСТРЕТИТЬСЯ,3.8500
КУРИТЬ,3.8500
ЗНАКОМЫЙ,3.8500
КОРОТКИЙ,3.8500
БАССЕЙН,3.8500
ДЛИННЫЙ,3.8500
БРИГАДА,3.8500
БОК,3.8500
УДОВОЛЬСТВИЕ,3.8500
ЗАПАДНЫЙ,3.8500
СТУДЕНТ,3.8500
СМЕНИТЬ,3.8500
ЛЮК,3.8500
НЕКОГДА,3.8500
ГОСПОЖА,3.8500
ПОДОБНО,3.8500
НЕВАЖНО,3.8500
НЕПОНЯТНО,3.8500
НОГА,3.8500
ФРАЗА,3.8500
ТЕЛЕВИЗОР,3.8500
ДВИГАТЬСЯ,3.8500
КОНЬ,3.8500
КИТАЙСКИЙ,3.8500
КОРЕЯ,3.8500
ТАКОВ,3.8500
САЛОН,3.8500
ПРОДАЖА,3.8400
БЫСТРЫЙ,3.8400
ИЗНУТРИ,3.8400
ОТМЕНИТЬ,3.8400
ОКАЗАТЬ,3.8400
ЭКЗАМЕН,3.8400
СОБОР,3.8400
НИЗКИЙ,3.8400
СТОИТЬ,3.8400
ДОМИК,3.8400
УНИЧТОЖИТЬ,3.8400
ПОТЕРЯ,3.8400
ЦЕНТРАЛЬНЫЙ,3.8400
УЧЕНИК,3.8400
ДОБЫЧА,3.8400
ТУАЛЕТ,3.8400
СПРАВИТЬСЯ,3.8400
ПРИНЕСТИ,3.8300
ЗАБЫВАТЬ,3.8300
СОГЛАСИЕ,3.8300
БАШНЯ,3.8300
ПОСТУПАТЬ,3.8300
БЛЮДО,3.8300
ПОЛИЦЕЙСКИЙ,3.8300
МЕРА,3.8300
СЕРЫЙ,3.8300
ВНУТРЕННИЙ,3.8300
ЗАРАБОТАТЬ,3.8300
РАСЧЕТ,3.8300
РУБЕЖ,3.8300
УГОЛЬ,3.8300
ТУПОЙ,3.8300
ПРЕССА,3.8300
ДИПЛОМ,3.8300
ОТНЫНЕ,3.8300
МАТ,3.8300
БЕРЛИН,3.8300
МАДАМ,3.8300
ДОПУСТИТЬ,3.8300
ПОЦЕЛУЙ,3.8300
КВАРТАЛ,3.8300
НЕДОЛГО,3.8300
УЧИЛИЩЕ,3.8300
КОШКА,3.8200
КОЛИЧЕСТВО,3.8200
ЦВЕТОК,3.8200
ПОДВИГ,3.8200
ОДЕССА,3.8200
ЗНАМЯ,3.8200
УСТАВ,3.8200
ГЕНИЙ,3.8200
ПОДДЕРЖАТЬ,3.8200
ВСЛУХ,3.8200
ДВОЙНОЙ,3.8200
ПОДОЙТИ,3.8200
ПИСТОЛЕТ,3.8200
СТРЕЛЯТЬ,3.8200
ВЫРАЗИТЬ,3.8200
ПОДПИСЬ,3.8200
БУДУЩИЙ,3.8200
ПРОТОКОЛ,3.8200
МАРШРУТ,3.8200
УДЕРЖАТЬ,3.8200
АДМИРАЛ,3.8200
ПЯТЬДЕСЯТ,3.8200
ЯЙЦО,3.8200
ВЕРХОВНЫЙ,3.8200
САМОСТОЯТЕЛЬНО,3.8200
БЕДНЫЙ,3.8100
УЛЫБКА,3.8100
МЕБЕЛЬ,3.8100
ЗИМНИЙ,3.8100
СКРЫТЬ,3.8100
ГРАНИЦА,3.8100
ЗАРПЛАТА,3.8100
МЕДВЕДЬ,3.8100
ДЕРЕВНЯ,3.8100
ПОСЛАТЬ,3.8100
ПОЛИТИЧЕСКИЙ,3.8100
СТРАСТЬ,3.8100
ПОНАЧАЛУ,3.8100
ПОСРЕДИ,3.8100
ЧЕТВЕРТЫЙ,3.8100
УДАЧА,3.8100
ТИХИЙ,3.8100
СОСТАВИТЬ,3.8100
ОБРАЩАТЬСЯ,3.8100
БОМБА,3.8100
ТЕМП,3.8100
ФАЙЛ,3.8100
ПОЕЗДКА,3.8000
ПОВЕСТЬ,3.8000
ПЕЧАЛЬНО,3.8000
ДАЛЬНИЙ,3.8000
УВЕРЕННО,3.8000
СНАРУЖИ,3.8000
САМОЛЁТ,3.8000
ПОЗОР,3.8000
УСПЕТЬ,3.8000
ЯРКИЙ,3.8000
ПОСТУПИТЬ,3.8000
СТВОЛ,3.8000
ЛЕВЫЙ,3.8000
ОБРАТИТЬСЯ,3.8000
ПРИСУТСТВИЕ,3.8000
ЧРЕЗВЫЧАЙНО,3.8000
ПРИЗЫВ,3.8000
ОБИДНО,3.8000
ОБЛИК,3.8000
РАБОТНИК,3.7900
СЕВЕРНЫЙ,3.7900
ПОЗНАКОМИТЬСЯ,3.7900
РАКЕТА,3.7900
ВНЕШНЕ,3.7900
УМЕТЬ,3.7900
ЛЕНИНГРАД,3.7900
ВОКЗАЛ,3.7900
СОВЕРШИТЬ,3.7900
ПЛАМЯ,3.7900
НЕСОМНЕННО,3.7900
ДОК,3.7900
СТОЛИЦА,3.7900
ВОЕВАТЬ,3.7900
СПОРИТЬ,3.7900
ВЕРНЫЙ,3.7800
МОТОР,3.7800
БЕГАТЬ,3.7800
НАВСТРЕЧУ,3.7800
ОСНОВА,3.7800
ПОЛОСА,3.7800
КРЫША,3.7800
ПОВТОРИТЬ,3.7800
СЪЕСТЬ,3.7800
СФЕРА,3.7800
МЕТОДА,3.7800
РАБ,3.7800
МОТИВ,3.7800
КАЗНЬ,3.7800
ПРИЁМ,3.7800
ПРИОБРЕСТИ,3.7800
ОСВОБОДИТЬ,3.7800
ПЕРЕРЫВ,3.7800
РЕАЛЬНЫЙ,3.7800
КРИЧАТЬ,3.7800
КАРЬЕРА,3.7800
ЧЕТВЕРТЬ,3.7800
РАССКАЗЫВАТЬ,3.7800
МОЛЧАТЬ,3.7800
ОБРАТИТЬ,3.7800
ОЧКО,3.7800
ИЗУЧАТЬ,3.7800
ИСТОРИК,3.7800
ЗДРАВСТВУЙТЕ,3.7800
ОРГАНИЗОВАТЬ,3.7800
БЕНЗИН,3.7700
ТЫСЯЧА,3.7700
ЗАДАТЬ,3.7700
ПАЛАТА,3.7700
СЕДЬМОЙ,3.7700
ЗВОНИТЬ,3.7700
УЧЕБНЫЙ,3.7700
ЗАВЕСТИ,3.7700
ЦЕПЬ,3.7700
ПОСЕТИТЬ,3.7700
ВОССТАНОВИТЬ,3.7700
ЛЕЧЬ,3.7700
КОМИССАР,3.7700
УЧЕБНИК,3.7700
АЛКОГОЛЬ,3.7700
СПУТНИК,3.7700
ПЕЧЬ,3.7700
ПЕРЕЖИТЬ,3.7700
ПОКАЗЫВАТЬ,3.7700
СВОБОДНЫЙ,3.7700
ПРОИЗОЙТИ,3.7700
МОЛЧА,3.7700
ПЕРЕСТАТЬ,3.7700
ТУМАН,3.7700
ПЕРЕВЕСТИ,3.7700
ПРИДУМАТЬ,3.7700
ИНСТРУМЕНТ,3.7700
РЕКЛАМА,3.7600
ЧАСТНЫЙ,3.7600
ЗУБ,3.7600
ПОДДЕРЖИВАТЬ,3.7600
ПОСТЕЛЬ,3.7600
СОВЕСТЬ,3.7600
ДЕДУШКА,3.7600
УМИРАТЬ,3.7600
ПРОСЬБА,3.7600
ОПИСАТЬ,3.7600
ПРОТЕСТ,3.7600
ТОРГОВЫЙ,3.7600
САЛАТ,3.7600
ВАГОН,3.7600
ЭПОХА,3.7600
ПЛЯЖ,3.7600
СВЕТЛО,3.7600
ЛЕГКИЙ,3.7600
ЗВЕРЬ,3.7600
ЛИШНИЙ,3.7600
ГОЛОД,3.7600
УПОР,3.7600
НАРУЖУ,3.7600
ГРОБ,3.7600
ЭКОНОМИЧЕСКИЙ,3.7500
СТРАНИЦА,3.7500
СВЕЖИЙ,3.7500
БИБЛИОТЕКА,3.7500
СВЯЩЕННИК,3.7500
БУМАГА,3.7500
ТЕХНИЧЕСКИЙ,3.7500
ДИВАН,3.7500
ПРОЧИТАТЬ,3.7500
ПОСЛУШАТЬ,3.7500
ВЫДАТЬ,3.7500
ГУЛЯТЬ,3.7500
ЗАХВАТИТЬ,3.7500
СЛАБЫЙ,3.7500
ВЫСШИЙ,3.7500
МЕШОК,3.7500
ЗАКОНЧИТЬ,3.7500
ПРИМЕНЯТЬ,3.7500
ЦЕХ,3.7500
ЗАКЛЮЧИТЬ,3.7500
ПОЕСТЬ,3.7500
ЧИН,3.7500
ПОБЕГ,3.7500
СОРТ,3.7500
ПРИЧЁМ,3.7500
СПОРТИВНЫЙ,3.7500
БОГАТЫЙ,3.7500
ОБЩЕСТВЕННЫЙ,3.7500
РЕФОРМА,3.7500
ХРАНИТЬ,3.7500
ПРЕСТУПНИК,3.7400
УЧИТЫВАТЬ,3.7400
МИНУТА,3.7400
ПРАВИЛЬНЫЙ,3.7400
КОЛЕСО,3.7400
ПРОЧЕЕ,3.7400
МУЗЫКАЛЬНЫЙ,3.7400
ЗАД,3.7400
БЕГ,3.7400
ИСХОД,3.7400
ИМПЕРАТОР,3.7400
СКУЧАТЬ,3.7400
ПЫТАТЬСЯ,3.7400
ОТДАВАТЬ,3.7400
ПЛОД,3.7400
ДОВЕСТИ,3.7400
МЫШЬ,3.7400
ЗМЕЙ,3.7400
КУПЕ,3.7400
СДАВАТЬ,3.7400
УЗЕЛ,3.7400
ЮНЫЙ,3.7400
КОМПАНИЯ,3.7400
ДВЕСТИ,3.7300
ВОЗМОЖНОСТЬ,3.7300
ОТЧЕГО,3.7300
МИРНЫЙ,3.7300
НЕВЕСТА,3.7300
СМЕЯТЬСЯ,3.7300
ПРОСПЕКТ,3.7300
НАНЕСТИ,3.7300
СЕГО,3.7300
ОБМАН,3.7300
ЧЁРТ,3.7300
НАБРАТЬ,3.7300
АКТИВНЫЙ,3.7300
АКАДЕМИК,3.7300
ЗАПРЕТИТЬ,3.7300
ВОЖДЬ,3.7200
КОРМИТЬ,3.7200
ПОЙМАТЬ,3.7200
ЖЕНИТЬСЯ,3.7200
ПРИЗНАК,3.7200
ГОРЯЧИЙ,3.7200
ВОЛГА,3.7200
ТВАРЬ,3.7200
ИЗУЧИТЬ,3.7200
КАКОВ,3.7200
КУСОЧЕК,3.7200
ЗМЕЯ,3.7200
ЗНАМЕНИТЫЙ,3.7200
ПРОХОДИТЬ,3.7200
ОТНОСИТЬСЯ,3.7200
ЯБЛОКО,3.7200
ЦИРК,3.7200
СТАВКА,3.7200
ДОПРОС,3.7200
ДОВЕРЯТЬ,3.7100
БОЛЬНИЦА,3.7100
ЯПОНСКИЙ,3.7100
ВЫХОДНОЙ,3.7100
ВСТУПИТЬ,3.7100
ЗАБОТА,3.7100
ЛЕЧИТЬ,3.7100
ПОДНЯТЬСЯ,3.7100
ПЬЯНЫЙ,3.7100
ОБЪЯСНЯТЬ,3.7100
КРЫЛО,3.7100
ПЛАЩ,3.7100
ХОЛОД,3.7100
ПОЗВОНИТЬ,3.7100
НАПОМНИТЬ,3.7100
ПРОПУСТИТЬ,3.7100
ОТНЮДЬ,3.7100
СНИМОК,3.7100
ОДИНАКОВО,3.7100
БРИТАНСКИЙ,3.7100
ЛИШИТЬ,3.7100
АКЦЕНТ,3.7100
ОСТРО,3.7100
СЫНОК,3.7100
СТИХ,3.7100
НЕНАВИСТЬ,3.7100
УЧЕСТЬ,3.7100
КРАСАВИЦА,3.7100
ПАРТНЕР,3.7100
ВОЗВРАЩАТЬСЯ,3.7100
АВТОМАТ,3.7100
КРУГЛЫЙ,3.7100
ГОРОДОК,3.7100
УВАЖАТЬ,3.7100
НАГРАДА,3.7100
ОТНЕСТИ,3.7100
ДЕЛОВОЙ,3.7100
БРЮКИ,3.7000
ДОСКА,3.7000
СПИНА,3.7000
МАСКА,3.7000
ЮНОША,3.7000
СЛЕДОВАТЬ,3.7000
ГОТОВИТЬСЯ,3.7000
ВЫПУСТИТЬ,3.7000
ПОЖАЛОВАТЬ,3.7000
СОВРЕМЕННЫЙ,3.7000
ОТДЕЛЬНЫЙ,3.7000
ИНСПЕКТОР,3.7000
ТАНЦЕВАТЬ,3.7000
ИСТИНА,3.7000
ЖАР,3.7000
ПЕРЕДО,3.7000
ДРАКОН,3.7000
ВАЛ,3.7000
ОБОЙТИ,3.7000
ПОХОРОНЫ,3.7000
ХОЛОДНЫЙ,3.7000
ВЫСТРЕЛ,3.7000
ВЕРХНИЙ,3.7000
ГЛУБИНА,3.7000
ПОЛОВОЙ,3.7000
ЗАПИСАТЬ,3.7000
МУЗЫКАНТ,3.7000
НЕЛОВКО,3.7000
ДЕЯТЕЛЬ,3.7000
ЧУШЬ,3.7000
ПОСТУПОК,3.7000
КАДР,3.7000
ДОЛГИЙ,3.6900
ВОЙСКО,3.6900
ОРУДИЕ,3.6900
ВЕРСИЯ,3.6900
НАДЕТЬ,3.6900
ПРОВАЛ,3.6900
ФЕДЕРАЛЬНЫЙ,3.6900
ОТКРОВЕННО,3.6900
ОТДЫХАТЬ,3.6900
ПОДОБНЫЙ,3.6900
УСЛОВИЕ,3.6900
ТРАВА,3.6900
ПРОСТИТЬ,3.6900
ПОРОГ,3.6900
ХОЗЯЙКА,3.6900
ОБОЙТИСЬ,3.6900
ШКАФ,3.6900
ДОЙТИ,3.6900
КОРОТКО,3.6900
НКВД,3.6900
ОРДЕН,3.6900
БУРЯ,3.6900
ЗАРЯ,3.6900
ЖИВО,3.6900
ПРИХОДИТЬ,3.6900
ОТКРЫВАТЬ,3.6900
ПОДПИСАТЬ,3.6900
ВЫСТУПИТЬ,3.6900
ПЛОЩАДКА,3.6800
КОЛЛЕГА,3.6800
ГРУЗОВИК,3.6800
ПРИЗРАК,3.6800
ОПАСНЫЙ,3.6800
ВРАТЬ,3.6800
РАССМАТРИВАТЬ,3.6800
РАЗГОВАРИВАТЬ,3.6800
ПРОЖИТЬ,3.6800
НАРЯД,3.6800
БАТАЛЬОН,3.6800
ЦИФРА,3.6800
НЕЖНО,3.6800
ФАБРИКА,3.6800
ПЬЕСА,3.6800
ПРЕЛЕСТЬ,3.6800
ПРЕДПОЛОЖИТЬ,3.6800
ОПЫТНЫЙ,3.6800
ЖЕСТ,3.6800
ОТПУСТИТЬ,3.6800
ОСТАВЛЯТЬ,3.6800
ЖЕРТВА,3.6800
ИНТЕРЕСНЫЙ,3.6800
ПРЕОДОЛЕТЬ,3.6800
ГРОМ,3.6800
ПОДЕЛИТЬСЯ,3.6800
РАЗДЕЛИТЬ,3.6800
ВЕРТОЛЕТ,3.6700
СТРАШНЫЙ,3.6700
РАСКРЫТЬ,3.6700
ДИПЛОМАТ,3.6700
ШЛЕМ,3.6700
АТМОСФЕРА,3.6700
ШТОРМ,3.6700
ПОПРОСИТЬ,3.6700
ТРЕБОВАТЬ,3.6700
МЕТР,3.6700
ПРЕДЕЛ,3.6700
ОБСТАНОВКА,3.6700
ОТПРАВИТЬСЯ,3.6700
ВНУК,3.6700
ПЕРЕНЕСТИ,3.6700
ТЬМА,3.6700
МОНАСТЫРЬ,3.6700
ПОВАР,3.6700
МИРНО,3.6700
УПОРНО,3.6700
АККУРАТНО,3.6700
ДРЕВНИЙ,3.6700
НАУЧИТЬ,3.6700
ВЫНЕСТИ,3.6700
ТОПЛИВО,3.6700
МНЕНИЕ,3.6600
БЕЛОК,3.6600
ПЕРЕЦ,3.6600
ЗЕМНОЙ,3.6600
СЕРИЯ,3.6600
ПОСТОЯННЫЙ,3.6600
ЕВРЕЙ,3.6600
ЗАБОР,3.6600
РЫЦАРЬ,3.6600
НАДЕЛ,3.6600
БОЖИЙ,3.6600
РАССМОТРЕТЬ,3.6600
РЕСУРС,3.6600
ПАЦАН,3.6600
РУЧНОЙ,3.6600
ВДОВА,3.6600
ГОРЯЧО,3.6600
РАЗВОД,3.6600
ПУЛЯ,3.6600
ПОСАДИТЬ,3.6600
ОСТАТОК,3.6600
КОРРЕСПОНДЕНТ,3.6600
ПОМЕШАТЬ,3.6600
ОХОТНИК,3.6600
МЕШАТЬ,3.6500
ЛОВИТЬ,3.6500
НОРМАЛЬНЫЙ,3.6500
МЕЛКИЙ,3.6500
ПАДАТЬ,3.6500
ДВЕНАДЦАТЬ,3.6500
ЭКСПЕРИМЕНТ,3.6500
ПРОКУРАТУРА,3.6500
РАЗРЯД,3.6500
НАЛЕВО,3.6500
ТКАНЬ,3.6500
ГЕН,3.6500
МЕДИЦИНА,3.6500
ТУПИК,3.6500
СЕРЬЕЗНЫЙ,3.6500
СТАРАТЬСЯ,3.6500
ПРОТИВНИК,3.6500
УБЕДИТЬСЯ,3.6500
ИТАЛЬЯНСКИЙ,3.6400
СКРЫВАТЬ,3.6400
СЕМЕЙНЫЙ,3.6400
СВЯЗАТЬ,3.6400
ОСТАНОВИТЬСЯ,3.6400
НЕМЕЦ,3.6400
БЛИЗКИЙ,3.6400
ОБЪЯВИТЬ,3.6400
УЖАСНЫЙ,3.6400
ЗАКАЗАТЬ,3.6400
ВЕЛИЧИНА,3.6400
ГРОЗНЫЙ,3.6400
ОРКЕСТР,3.6400
БЫТ,3.6400
ВСЮДУ,3.6400
ИДЕАЛ,3.6400
ХОББИ,3.6400
МЕЖ,3.6400
ДРАКА,3.6400
КОНТРОЛИРОВАТЬ,3.6400
СОЦИАЛЬНЫЙ,3.6400
ХИРУРГ,3.6400
ССЫЛКА,3.6400
НУЖНЫЙ,3.6400
РАЗРЕШИТЬ,3.6400
ЖЕЛАТЬ,3.6400
ПИЛА,3.6400
ЛИФТ,3.6400
ГНЕЗДО,3.6400
КРУПНЕЙШИЙ,3.6400
ХОЛЛ,3.6400
ПЕЧЕНЬ,3.6400
НЕПРЕМЕННО,3.6400
ПОСЕЩАТЬ,3.6300
ВЫЗЫВАТЬ,3.6300
СТРЕЛЬБА,3.6300
ТОНКИЙ,3.6300
СОХРАНЯТЬ,3.6300
РАСХОД,3.6300
НАВЕРХ,3.6300
ПРОВЕРЯТЬ,3.6300
ДВИЖЕНИЕ,3.6300
ЗВАТЬ,3.6300
КОРИДОР,3.6300
УПАСТЬ,3.6300
ПЯТНО,3.6300
ДЕРЖАТЬСЯ,3.6300
ВСТРЕЧАТЬСЯ,3.6300
ПРОХОД,3.6300
СЛУГА,3.6300
СТРЕЛОК,3.6300
МАРШАЛ,3.6300
ТРАВМА,3.6300
БАНДА,3.6300
ЗАПУСТИТЬ,3.6300
РЯДОВОЙ,3.6300
БЕСКОНЕЧНО,3.6300
СПРАВЕДЛИВО,3.6300
ЧАСОВОЙ,3.6300
ПЛОТНО,3.6300
ЧЕРЕП,3.6300
НАПРАВО,3.6300
БИТЬСЯ,3.6300
НЕДОСТАТОК,3.6300
ПРИБОР,3.6300
ОТЧЁТ,3.6300
ДИКИЙ,3.6200
МЕТАЛЛ,3.6200
ОДЕЯЛО,3.6200
ПОЯВИТЬСЯ,3.6200
КАРМАН,3.6200
МЕЧТАТЬ,3.6200
НАПРАВИТЬ,3.6200
ОБНАРУЖИТЬ,3.6200
БЛЕСК,3.6200
ВДАЛИ,3.6200
ПУСТО,3.6200
КАВКАЗ,3.6200
ПЯТЕРО,3.6200
ПО-РУССКИ,3.6200
НАПИТОК,3.6200
КОЛХОЗ,3.6200
КРИВОЙ,3.6200
ВОСПОЛЬЗОВАТЬСЯ,3.6200
КОЛОННА,3.6200
СТРАДАТЬ,3.6200
ПИЩА,3.6200
ПРЕДСТАВЛЯТЬ,3.6200
ЖЕЛЕЗНЫЙ,3.6200
ТИГР,3.6200
ОСТРЫЙ,3.6100
ЖЕЛЕЗО,3.6100
ВИДАТЬ,3.6100
КОРЕНЬ,3.6100
КАТАСТРОФА,3.6100
ЕВРОПЕЙСКИЙ,3.6100
ПРИГОТОВИТЬ,3.6100
СПАСАТЬ,3.6100
ВЗРОСЛЫЙ,3.6100
ЖЕНИХ,3.6100
ВКЛЮЧАТЬ,3.6100
СЛЕДОВАТЕЛЬНО,3.6100
НИЗКО,3.6100
ПОТОЛОК,3.6100
ВХОДИТЬ,3.6100
КРЕПКИЙ,3.6100
БАРОН,3.6100
ПУТЁМ,3.6100
ПОДЕЛАТЬ,3.6100
ЗАГОВОР,3.6100
ИЗБЕГАТЬ,3.6100
ГОЛОВНОЙ,3.6100
НЕУДОБНО,3.6100
ГАРАЖ,3.6100
СТУК,3.6100
СЖЕЧЬ,3.6100
СПОРТСМЕН,3.6100
НЕПРИЯТНО,3.6100
ОКАЗЫВАТЬ,3.6100
ИСКЛЮЧИТЬ,3.6100
ПРОИЗВОДИТЬ,3.6000
ВОСЬМОЙ,3.6000
ПУБЛИКА,3.6000
ГОРЬКИЙ,3.6000
БУКВА,3.6000
ГЛУБОКИЙ,3.6000
ПОДАРИТЬ,3.6000
ЦВЕТНОЙ,3.6000
БАК,3.6000
БЫТОВОЙ,3.6000
СЧАСТЛИВЫЙ,3.6000
СПРАШИВАТЬ,3.6000
ТАЙНЫЙ,3.6000
ЛЕТЕТЬ,3.6000
ДОСТАВИТЬ,3.6000
ДЬЯВОЛ,3.6000
ПРОЦЕДУРА,3.6000
ОХОТНО,3.6000
НАХОДИТЬ,3.5900
ЧИНОВНИК,3.5900
РОГ,3.5900
РАЗВЕДКА,3.5900
АВТОМАТИЧЕСКИ,3.5900
ПЯТНИЦА,3.5900
ПОВТОРЯТЬ,3.5900
ТВОРЧЕСКИЙ,3.5900
МЯГКИЙ,3.5900
ТЮРЬМА,3.5900
ЧЕМОДАН,3.5900
ВЕДРО,3.5900
ПЛОТЬ,3.5900
СЛУЧИТЬСЯ,3.5900
СОГЛАСИТЬСЯ,3.5900
ПОДОЖДАТЬ,3.5900
СЧИТАТЬСЯ,3.5900
ЗАДНИЙ,3.5900
ЗДАНИЕ,3.5900
ТОСКА,3.5900
МАЙКА,3.5900
ПОДРОСТОК,3.5900
ЗРЕЛИЩЕ,3.5900
ФИЛОСОФ,3.5900
ТЕКУЩИЙ,3.5900
ФАКУЛЬТЕТ,3.5900
ВЫЕЗД,3.5900
СВЕСТИ,3.5900
НЕЗАМЕТНО,3.5900
РАЗВИВАТЬСЯ,3.5900
УСНУТЬ,3.5900
СЛЕПОЙ,3.5900
ДЕТАЛЬ,3.5800
ПРИЯТНЫЙ,3.5800
СУМКА,3.5800
ПРЕВРАТИТЬ,3.5800
ПАЦИЕНТ,3.5800
КОЛЕНО,3.5800
ОЗНАЧАТЬ,3.5800
ПРИЗНАТЬСЯ,3.5800
ЛЕЗТЬ,3.5800
ЗАЯВИТЬ,3.5800
КОСМИЧЕСКИЙ,3.5800
ПОЛЕВОЙ,3.5800
БАРАК,3.5800
ВСЕЛЕННАЯ,3.5800
УНИКАЛЬНЫЙ,3.5800
ИДЕАЛЬНЫЙ,3.5800
ОБЪЕДИНИТЬ,3.5800
МАТЕМАТИКА,3.5800
ОФОРМИТЬ,3.5800
КОМПОЗИТОР,3.5800
ПРИХОД,3.5800
ТРАКТОР,3.5800
МЕЛОЧЬ,3.5800
ОСУЩЕСТВЛЯТЬ,3.5800
ПРЕДОСТАВИТЬ,3.5800
ЗДОРОВЫЙ,3.5700
ДУБ,3.5700
ПАРТИЯ,3.5700
БОЛЕТЬ,3.5700
ВСПОМИНАТЬ,3.5700
ВЕЧНЫЙ,3.5700
ЖАЛЕТЬ,3.5700
ПОЯВЛЯТЬСЯ,3.5700
ВСТАВАТЬ,3.5700
НАКАЗАТЬ,3.5700
НИЧУТЬ,3.5700
ПЕЙЗАЖ,3.5700
ОТЛОЖИТЬ,3.5700
СПОКОЙСТВИЕ,3.5700
МЕНЯТЬСЯ,3.5700
ГОРНЫЙ,3.5700
СЛАДКИЙ,3.5700
БРОСАТЬ,3.5700
ПОХОЖИЙ,3.5700
ДЕСЯТОК,3.5700
УДАРИТЬ,3.5700
ТРУБА,3.5700
ФОКУС,3.5700
НРАВИТЬСЯ,3.5700
СОЗДАНИЕ,3.5700
СОДЕРЖАТЬ,3.5700
ПОДГОТОВИТЬ,3.5600
ОСУЩЕСТВИТЬ,3.5600
ВЕСЕЛЫЙ,3.5600
ШЕЯ,3.5600
ПОДАВАТЬ,3.5600
СОЙТИ,3.5600
ПРОЧЕСТЬ,3.5600
ЗНАЧИТЕЛЬНЫЙ,3.5600
ВЕЧЕРНИЙ,3.5600
ПРЕПАРАТ,3.5600
ТЫЛ,3.5600
НАПРАСНО,3.5600
СПРАВКА,3.5600
ПОЛЬСКИЙ,3.5600
НЕПЛОХОЙ,3.5600
ПАРТИЗАН,3.5600
ГРАНЬ,3.5600
ВЛЕВО,3.5600
ВЕТЕРАН,3.5600
РАЗБИТЬ,3.5600
ТОЧНЫЙ,3.5600
РОТА,3.5600
ПОЛОЖЕНИЕ,3.5600
ПЯТНАДЦАТЬ,3.5600
ДАЧА,3.5600
ЗАДУМАТЬСЯ,3.5600
ПОПЫТАТЬСЯ,3.5600
ТРИСТА,3.5600
ГОРДИТЬСЯ,3.5600
ЗВОН,3.5600
АВТОРИТЕТ,3.5600
ПРЫЖОК,3.5600
ТРАССА,3.5600
ДРУЖНО,3.5600
ВЫПУСКАТЬ,3.5600
ПОЛИЦИЯ,3.5500
ШКОЛЬНЫЙ,3.5500
КАЗАТЬСЯ,3.5500
ЗАНИМАТЬ,3.5500
РАССЧИТЫВАТЬ,3.5500
ПРОДАВЕЦ,3.5500
РАЙОННЫЙ,3.5500
СУДЕБНЫЙ,3.5500
КАТАТЬСЯ,3.5500
МАГ,3.5500
МОДА,3.5500
НАЗВАНИЕ,3.5500
ПЛАТФОРМА,3.5500
ПЕРЕВОДЧИК,3.5500
ПРОИЗВЕСТИ,3.5500
ТОПОР,3.5500
СТОЛБ,3.5500
ПЕЧАЛЬ,3.5500
ТРУДНЫЙ,3.5500
ПУСТИТЬ,3.5500
БОЛЬШИЙ,3.5500
ВЗГЛЯНУТЬ,3.5500
ДАЛЬ,3.5500
ВОЗДЕЙСТВИЕ,3.5500
ФИНАНСОВЫЙ,3.5500
НАВЕРХУ,3.5500
ЖАЖДА,3.5500
РИМСКИЙ,3.5500
БАРЬЕР,3.5500
ГОСПИТАЛЬ,3.5500
ЗАМЕЧАТЕЛЬНЫЙ,3.5400
ТВЕРДО,3.5400
СЛОН,3.5400
ДЕЛИТЬСЯ,3.5400
ПОКАЗАТЬСЯ,3.5400
ТОЛСТЫЙ,3.5400
НЕИЗВЕСТНЫЙ,3.5400
ПОДТВЕРДИТЬ,3.5400
ЖИР,3.5400
ФОНТАН,3.5400
ИКОНА,3.5400
ИСПОЛНЯТЬ,3.5400
ЮМОР,3.5400
МЕРОПРИЯТИЕ,3.5400
ЗЕРНО,3.5400
ЗАДАВАТЬ,3.5400
СТРЕЛА,3.5400
ОСТАНОВКА,3.5400
СБЕЖАТЬ,3.5400
СОВЕРШАТЬ,3.5400
МГНОВЕННО,3.5400
ЖИВОПИСЬ,3.5300
ПОТ,3.5300
ЧУВСТВО,3.5300
БЕСЕДА,3.5300
РЕДКИЙ,3.5300
РЕЗКИЙ,3.5300
КРОЛИК,3.5300
ПРОЯВИТЬ,3.5300
КОМАНДУЮЩИЙ,3.5300
ИСПОЛНИТЕЛЬ,3.5300
ПОБЛИЗОСТИ,3.5300
ПОБЫВАТЬ,3.5300
ПЁС,3.5300
НАЖАТЬ,3.5300
СУЩЕСТВОВАТЬ,3.5300
ТРОГАТЬ,3.5300
МЫТЬ,3.5300
ДОЖДАТЬСЯ,3.5300
СОЛНЕЧНЫЙ,3.5300
ЖЕЛУДОК,3.5300
УЕЗЖАТЬ,3.5300
ИСПОЛНИТЬ,3.5300
ПЛЕМЯ,3.5300
КРАН,3.5300
ВСЕМИРНЫЙ,3.5300
КРАТКИЙ,3.5300
АКТЁР,3.5300
ВЫБРАТЬСЯ,3.5300
СПОРА,3.5300
ОБЩЕСТВО,3.5300
БОЛЬШИНСТВО,3.5200
МЕДИЦИНСКИЙ,3.5200
СТЫД,3.5200
ПОДНИМАТЬ,3.5200
КОВЕР,3.5200
КОЙ,3.5200
РЫЖИЙ,3.5200
ТРЕВОГА,3.5200
СОБРАТЬСЯ,3.5200
КОРОБКА,3.5200
ПЕРО,3.5200
ЧУДЕСНЫЙ,3.5200
ОБРЕСТИ,3.5200
ТРАМВАЙ,3.5200
СРАВНИТЕЛЬНО,3.5200
БОКАЛ,3.5200
ЗАСНУТЬ,3.5200
ДРОВА,3.5200
ЛЕДЯНОЙ,3.5200
ДЕЛИТЬ,3.5200
ШУТИТЬ,3.5200
КОРОВА,3.5200
ПОПУЛЯРНЫЙ,3.5200
КНИЖКА,3.5200
ПРИГЛАСИТЬ,3.5200
СТОЛИК,3.5200
МОГИЛА,3.5200
ОТТОГО,3.5200
АМЕРИКАНЕЦ,3.5200
СНАРЯД,3.5200
ПРОПАГАНДА,3.5200
ЛУННЫЙ,3.5200
РИСОВАТЬ,3.5100
ИСТИННЫЙ,3.5100
МОЛИТЬСЯ,3.5100
ОТКАЗАТЬ,3.5100
МАКСИМАЛЬНЫЙ,3.5100
ПОКИДАТЬ,3.5100
ПОКУПКА,3.5100
БЛИЖАЙШИЙ,3.5100
НАЗНАЧИТЬ,3.5100
РАССВЕТ,3.5100
ВЕДЬМА,3.5100
КУПОЛ,3.5100
ВПРАВО,3.5100
НАПОЛОВИНУ,3.5100
НОВИЧОК,3.5100
ОБИДЕТЬ,3.5100
ИСКРА,3.5100
СБИТЬ,3.5100
ХОТЕТЬ,3.5000
БУКЕТ,3.5000
ГОТОВЫЙ,3.5000
ПУСКАТЬ,3.5000
ГЛУПЫЙ,3.5000
РОЗОВЫЙ,3.5000
ЗАВИСЕТЬ,3.5000
ОТОЙТИ,3.5000
ВОДКА,3.5000
КУЛАК,3.5000
ОБЛАКО,3.5000
ПОДОБРАТЬ,3.5000
СВИНЬЯ,3.5000
УСПОКОИТЬ,3.5000
ОБОРОНА,3.5000
ДЫРА,3.5000
ПОРОШОК,3.5000
МИЛЛИАРД,3.5000
ШЕРСТЬ,3.5000
ЭЛЕКТРОННЫЙ,3.5000
ОСЬ,3.5000
ПРУД,3.5000
ПЕРЕЕХАТЬ,3.5000
ГРОЗА,3.5000
СТАДО,3.5000
ПОКОНЧИТЬ,3.5000
НАСЧЁТ,3.5000
ВЫДАВАТЬ,3.5000
ДРАТЬСЯ,3.5000
СТРЕМИТЕЛЬНО,3.5000
КУРИЦА,3.4900
АРМИЯ,3.4900
ЧИТАТЕЛЬ,3.4900
ТЯНУТЬ,3.4900
ВСЯКАЯ,3.4900
ОБРАЩАТЬ,3.4900
РЕШИТЕЛЬНО,3.4900
КРУЖОК,3.4900
ПЕСНЬ,3.4900
МОНАХ,3.4900
ЛЮБИТЕЛЬ,3.4900
УСТРАИВАТЬ,3.4900
РАДОСТНО,3.4900
ХАРАКТЕРИСТИКА,3.4900
РАССТАТЬСЯ,3.4900
ОТЧАЯННО,3.4900
ПОЧИТАТЬ,3.4900
ТОЛЧОК,3.4900
ЧЕРЕСЧУР,3.4900
ПЛЕНА,3.4900
ОТНЯТЬ,3.4900
БОЛОТО,3.4900
СУББОТА,3.4900
МЫЛО,3.4900
БУТЫЛКА,3.4900
ОСТАЛЬНОЙ,3.4900
ТОЛК,3.4900
ЗАПИСКА,3.4900
СВЯЗАННЫЙ,3.4900
СМЕШНОЙ,3.4900
ЗАЯЦ,3.4900
МАСШТАБ,3.4900
ПЛАЧ,3.4900
ЗАГАДКА,3.4900
КИСЛОТА,3.4900
ИСПОРТИТЬ,3.4900
ВОЗДУШНЫЙ,3.4900
ЗНАЧЕНИЕ,3.4900
ЗАРАБАТЫВАТЬ,3.4800
РАНА,3.4800
ПРЫГАТЬ,3.4800
СОСТАВЛЯТЬ,3.4800
УТВЕРЖДАТЬ,3.4800
ИЗРЕДКА,3.4800
ЗАДЕРЖАТЬ,3.4800
УТОЧНИТЬ,3.4800
ПОДИ,3.4800
СУК,3.4800
НАСКВОЗЬ,3.4800
УБИРАТЬ,3.4800
СВЯЗАТЬСЯ,3.4800
ПОПОЛАМ,3.4800
ОСОБНЯК,3.4800
БЕСПОЛЕЗНО,3.4800
МЫСЛИТЬ,3.4800
ПОЛДЕНЬ,3.4800
ЗАПОЛНИТЬ,3.4800
МИНА,3.4800
СЛОМАТЬ,3.4800
ЛЕГКОЕ,3.4800
ДОБЫТЬ,3.4800
ПОВЕРХ,3.4800
КУКЛА,3.4700
ПРИВЫЧКА,3.4700
ЖАЛОВАТЬСЯ,3.4700
ПОЧУВСТВОВАТЬ,3.4700
СТРЕМИТЬСЯ,3.4700
ГОЛЫЙ,3.4700
СООТВЕТСТВИЕ,3.4700
ПОПРОСТУ,3.4700
ПРОЗВИЩЕ,3.4700
ПРИСТУПИТЬ,3.4700
МАССОВЫЙ,3.4700
РУКОПИСЬ,3.4700
ОБМАНУТЬ,3.4700
СВЕТЛЫЙ,3.4700
УКАЗАТЬ,3.4700
ХОЛМ,3.4700
РАЗРУШИТЬ,3.4700
ГОРЬКО,3.4700
ПРОИСХОДИТЬ,3.4700
ДАВИТЬ,3.4700
УВОЛИТЬ,3.4700
ИЗВЛЕЧЬ,3.4700
ОБНЯТЬ,3.4700
СОРВАТЬ,3.4700
СЛОЖИТЬ,3.4700
БЫК,3.4600
БЕСПЛАТНЫЙ,3.4600
ЖЕЛАНИЕ,3.4600
БОРОДА,3.4600
ОСОЗНАТЬ,3.4600
МОРАЛЬ,3.4600
МОЛИТВА,3.4600
ПРЕЖНИЙ,3.4600
НЫНЕШНИЙ,3.4600
ПРОПАСТЬ,3.4600
КАПЛЯ,3.4600
ЦЕННЫЙ,3.4600
ОХРАННИК,3.4600
СОСЕДКА,3.4600
БАНЯ,3.4600
ОБРАТНЫЙ,3.4600
ВЕЛОСИПЕД,3.4600
ПОТИХОНЬКУ,3.4600
РАЗРАБОТАТЬ,3.4600
АППЕТИТ,3.4600
ДОБИВАТЬСЯ,3.4600
ВПРАВДУ,3.4600
НАГРУЗКА,3.4600
ДНЕВНОЙ,3.4600
ШАРИК,3.4600
ПЕПЕЛ,3.4600
ОРГАНИЗАТОР,3.4600
СЕРЕБРЯНЫЙ,3.4600
СВОЛОЧЬ,3.4600
РИСКОВАТЬ,3.4600
ДЕЯТЕЛЬНОСТЬ,3.4600
ВОДИТЬ,3.4500
ЗАХОДИТЬ,3.4500
ПОЛАГАТЬ,3.4500
ЛЕСТНИЦА,3.4500
РАДОВАТЬСЯ,3.4500
ЛАМПА,3.4500
ОПРЕДЕЛЯТЬ,3.4500
ПОЛЬЗА,3.4500
ПОСИДЕТЬ,3.4500
ПОЖЕЛАТЬ,3.4500
ЗАКАТ,3.4500
ПРОЗА,3.4500
ГОРДО,3.4500
ЗАВЕДУЮЩИЙ,3.4500
СЪЕЗДИТЬ,3.4500
ПУЛЬТ,3.4500
РЮКЗАК,3.4500
ПРОНИКНУТЬ,3.4500
ДОЛИНА,3.4500
МУХА,3.4500
ЗАКРЫВАТЬ,3.4500
УБЕЖАТЬ,3.4500
ТВОРИТЬ,3.4500
СВАЛИТЬ,3.4500
ДОСТОЙНЫЙ,3.4500
ПРОИЗВОДСТВО,3.4500
РАННИЙ,3.4400
СЛЕДОВАТЕЛЬ,3.4400
ГЛУХОЙ,3.4400
УГОЛОК,3.4400
УСЛУГА,3.4400
БЕРЕЧЬ,3.4400
ЕРУНДА,3.4400
ПОЧЕРК,3.4400
ДЕВЯТЫЙ,3.4400
КНИЖНЫЙ,3.4400
ПОЖИЛОЙ,3.4400
АРГУМЕНТ,3.4400
ВЫДЕРЖАТЬ,3.4400
КАМЕННЫЙ,3.4400
ВЫТАЩИТЬ,3.4400
ПЛАВАТЬ,3.4400
ОЛЕНЬ,3.4400
ПЕРЕХОДИТЬ,3.4400
ОТВЕСТИ,3.4400
ТИПИЧНЫЙ,3.4400
ОЧАГ,3.4400
ДОЗА,3.4400
КАТЕР,3.4400
ЧУДОВИЩЕ,3.4400
ПОЛОТНО,3.4400
ДОНЕСТИ,3.4400
ПРЕПОДАВАТЕЛЬ,3.4400
ПРИНОСИТЬ,3.4400
ИЗДАНИЕ,3.4300
ОТПРАВЛЯТЬ,3.4300
КАРТОЧКА,3.4300
ЗАБОТИТЬСЯ,3.4300
СОСТОЯТЬ,3.4300
ПЕТЕРБУРГСКИЙ,3.4300
ЯМА,3.4300
БАЗАР,3.4300
ДОГОВОРИТЬСЯ,3.4300
КОСТЯ,3.4300
ГОСУДАРЬ,3.4300
ПРАВИТЕЛЬСТВО,3.4300
ВОСТОРГ,3.4300
СООБЩЕНИЕ,3.4300
ТЕТРАДЬ,3.4300
СТУПЕНЬ,3.4300
ХУДОЖЕСТВЕННЫЙ,3.4300
РАЗБИРАТЬСЯ,3.4300
СЫРОЙ,3.4200
ВРЕМЕННЫЙ,3.4200
СУПРУГ,3.4200
ФОНАРЬ,3.4200
ДУХОВНЫЙ,3.4200
СТАНОВИТЬСЯ,3.4200
ИСПЫТЫВАТЬ,3.4200
УПРАВЛЕНИЕ,3.4200
ДОПОЛНИТЕЛЬНЫЙ,3.4200
СИДЕНЬЕ,3.4200
СБРОСИТЬ,3.4200
ВЕЖЛИВО,3.4200
ОТЫСКАТЬ,3.4200
УВАЖАЕМЫЙ,3.4200
НЕБОСЬ,3.4200
СКРЫТЬСЯ,3.4200
ВЛОЖИТЬ,3.4200
ПРИСТУП,3.4200
ГРАММ,3.4200
ПОСАДКА,3.4200
ПОРОДА,3.4200
ЛОЗУНГ,3.4200
ЗАСЛУГА,3.4200
ОПРАВДАТЬ,3.4200
ЕДИНИЦА,3.4200
ХУДШИЙ,3.4200
МАТУШКА,3.4200
СДАТЬСЯ,3.4200
ПЛАВНО,3.4200
ЕЖЕЛИ,3.4200
ДЕВКА,3.4200
ГРИБ,3.4200
КРЫСА,3.4100
МУДРЫЙ,3.4100
НЕНАВИДЕТЬ,3.4100
РУКОВОДСТВО,3.4100
ИЗМЕНИТЬСЯ,3.4100
ВОЗНИКНУТЬ,3.4100
ГРАЖДАНСКИЙ,3.4100
ЛОМАТЬ,3.4100
ДОКАЗЫВАТЬ,3.4100
ИСПЫТАТЬ,3.4100
МЫСЛЕННО,3.4100
ВЫНОСИТЬ,3.4100
ЗЕЛЕНЬ,3.4100
ИНИЦИАТИВА,3.4100
ОДИННАДЦАТЬ,3.4100
БЕС,3.4100
ПРОЕХАТЬ,3.4100
ФИТНЕС,3.4100
РЫБАК,3.4100
ОПРЕДЕЛЕННЫЙ,3.4100
СПЕШИТЬ,3.4100
ЗАПОМНИТЬ,3.4100
МУКА,3.4100
ДОГНАТЬ,3.4100
НИСКОЛЬКО,3.4100
НАРОЧНО,3.4100
ПЛАКАТ,3.4000
КУШАТЬ,3.4000
ИНФОРМАЦИЯ,3.4000
ВПРЯМЬ,3.4000
ВАЛЮТА,3.4000
РАЗМАХ,3.4000
ДЕЙСТВУЮЩИЙ,3.4000
СМЕЛЫЙ,3.4000
СВИДЕТЕЛЬ,3.4000
ОДИНОКИЙ,3.4000
ПОРТФЕЛЬ,3.4000
УЛЫБАТЬСЯ,3.4000
ПОЗДНИЙ,3.4000
ПАУЗА,3.4000
ЗАГЛЯНУТЬ,3.4000
ПРИЯТЕЛЬ,3.4000
ПОДХОДИТЬ,3.4000
ВЗЯТЬСЯ,3.4000
СКАЛА,3.4000
УКРАСТЬ,3.4000
НЕСЧАСТЬЕ,3.4000
ОТОБРАТЬ,3.4000
ПАСТЬ,3.4000
ПРИРОДНЫЙ,3.4000
ВОЙ,3.4000
ОКО,3.4000
УСАДЬБА,3.4000
МИКРОФОН,3.4000
ПОЧТОВЫЙ,3.4000
ЗАПРОСТО,3.4000
ИГРУШКА,3.4000
ВСТУПАТЬ,3.4000
ТАКОВОЙ,3.4000
ПЕРЕДАВАТЬ,3.4000
ЛОВКО,3.4000
ВЫСТАВИТЬ,3.4000
ЧЕЛЮСТЬ,3.4000
ИСПОЛЬЗОВАТЬСЯ,3.4000
ПОСЫЛАТЬ,3.3900
ГРОМКИЙ,3.3900
ДЕВЧОНКА,3.3900
УДИВИТЬ,3.3900
ХУДОЙ,3.3900
ДЕРЕВЯННЫЙ,3.3900
КУЛЬТУРНЫЙ,3.3900
ШЕСТЬДЕСЯТ,3.3900
ДЛИТЕЛЬНЫЙ,3.3900
НАРУШАТЬ,3.3900
ФРАНЦУЗ,3.3900
ВПЛОТНУЮ,3.3900
БОКОВОЙ,3.3900
НЕПРАВДА,3.3900
ВЕСТЬ,3.3900
КАФЕДРА,3.3900
НЕХОРОШО,3.3900
ВЗВОД,3.3900
ЗРИТЕЛЬ,3.3900
ПЕРЕЖИВАТЬ,3.3900
ВЛАДЕТЬ,3.3900
ГУСЬ,3.3900
СТРОИТЕЛЬСТВО,3.3900
РЕМЕНЬ,3.3900
СПОСОБНЫЙ,3.3900
ЛОКОТЬ,3.3900
СПОСОБСТВОВАТЬ,3.3900
РЕЗАТЬ,3.3900
ТРОЙКА,3.3900
УЧИТЕЛЬНИЦА,3.3900
МРАК,3.3900
ТЬФУ,3.3900
ПАНИКА,3.3900
АФРИКА,3.3900
СНЕСТИ,3.3900
РАЗОБРАТЬ,3.3900
УКАЗЫВАТЬ,3.3900
СКРОМНЫЙ,3.3800
УДОБНЫЙ,3.3800
СООБЩАТЬ,3.3800
ОТМЕЧАТЬ,3.3800
СКОРОСТЬ,3.3800
ЛИТЕРАТУРНЫЙ,3.3800
ДОСТИГАТЬ,3.3800
СОБИРАТЬСЯ,3.3800
ЧЕЛОВЕЧЕСКИЙ,3.3800
ПРИВЕЗТИ,3.3800
ОБЛАДАТЬ,3.3800
КЛЕТКА,3.3800
КАРТИНКА,3.3800
АСФАЛЬТ,3.3800
РУКОВОДИТЬ,3.3800
ТОРЖЕСТВЕННО,3.3800
ВСПЫШКА,3.3800
КУЗОВ,3.3800
ГАД,3.3800
РАВНОВЕСИЕ,3.3800
ТУГО,3.3800
ПРИДАТЬ,3.3800
ЗАМЫСЕЛ,3.3800
ПРОТИВНО,3.3800
ОЦЕНИВАТЬ,3.3800
КИЛОГРАММ,3.3800
СОВМЕСТНЫЙ,3.3800
САРАЙ,3.3800
ДЕСЯТЫЙ,3.3700
ПРОФЕССИОНАЛЬНЫЙ,3.3700
ГУСТОЙ,3.3700
МНОЖЕСТВО,3.3700
РУЧКА,3.3700
СОТНЯ,3.3700
ОРАТЬ,3.3700
СОМНЕВАТЬСЯ,3.3700
ГЛОТОК,3.3700
НАРУШИТЬ,3.3700
ЧЁТКО,3.3700
ПОЛЁТ,3.3700
ПОДВАЛ,3.3700
ОХРАНЯТЬ,3.3700
КОЛОДЕЦ,3.3700
ФИНСКИЙ,3.3700
ГИТАРА,3.3700
БУЛЬВАР,3.3700
ШАХТА,3.3700
РЫЧАГ,3.3700
ТАБАК,3.3700
ХОЛОДИЛЬНИК,3.3700
КЛАССИЧЕСКИЙ,3.3700
СПЛОШНОЙ,3.3700
РЕЖИССЁР,3.3700
ОСОБЕННЫЙ,3.3700
НЕОБЫЧНЫЙ,3.3700
ГОСТИНИЦА,3.3700
ВСТРЕЧАТЬ,3.3700
ВЗОР,3.3700
ТЕРРОРИСТ,3.3700
ЭКЗЕМПЛЯР,3.3700
СИБИРСКИЙ,3.3700
ПЕРЕДОВОЙ,3.3700
ПРОЯВЛЯТЬ,3.3700
ЖИЗНЕННЫЙ,3.3700
КНОПКА,3.3600
НЕРВНО,3.3600
БЫВАТЬ,3.3600
ПРЕДЛОЖЕНИЕ,3.3600
РОДИТЬ,3.3600
КИРПИЧ,3.3600
САЖАТЬ,3.3600
НЕСЧАСТНЫЙ,3.3600
НАДЕЖНЫЙ,3.3600
МОРЯК,3.3600
ПРОДОЛЖАТЬСЯ,3.3600
ПРИВЛЕКАТЬ,3.3600
ЯВЛЯТЬСЯ,3.3600
НАЗЫВАТЬСЯ,3.3600
ПРИВЫКНУТЬ,3.3600
КУСТ,3.3600
МЕРТВЫЙ,3.3600
ВЫЕХАТЬ,3.3600
ПЕРЕУЛОК,3.3600
ХАЛАТ,3.3600
ВЕТВЬ,3.3600
БЛАГОПОЛУЧНО,3.3600
СБОКУ,3.3600
ОТТЕНОК,3.3600
КОНВЕРТ,3.3600
СЕМЬДЕСЯТ,3.3600
КУПЕЦ,3.3600
НАПАСТЬ,3.3600
НЕВСКИЙ,3.3600
ПРЕВЫШАТЬ,3.3600
ПЯТЬСОТ,3.3600
УДАЧНЫЙ,3.3600
ДРОЖЬ,3.3600
ЛЕНИНСКИЙ,3.3600
ОРИГИНАЛЬНЫЙ,3.3600
ЛОЖКА,3.3600
СИТУАЦИЯ,3.3600
УБИЙСТВО,3.3600
СТОИМОСТЬ,3.3600
ШЛЯПА,3.3500
ВЕТКА,3.3500
ЗАМЕЧАТЬ,3.3500
БАБКА,3.3500
ЛАВКА,3.3500
ВЫДАЮЩИЙСЯ,3.3500
ВЫВОДИТЬ,3.3500
БЕССМЫСЛЕННО,3.3500
ЖЕСТОКИЙ,3.3500
ПЛАТОК,3.3500
ОТВЕРСТИЕ,3.3500
КАЧЕСТВО,3.3500
МОКРЫЙ,3.3500
КОММУНИСТ,3.3500
ВЫБИТЬ,3.3500
ОТСТУПИТЬ,3.3500
СТАЯ,3.3500
ОТПУСКАТЬ,3.3500
ПИДЖАК,3.3500
ПАССАЖИР,3.3400
МОТОЦИКЛ,3.3400
ЧАЙНИК,3.3400
ТРАДИЦИОННЫЙ,3.3400
БАТАРЕЯ,3.3400
ИНОСТРАННЫЙ,3.3400
ВЫРАСТИ,3.3400
КРАЙНИЙ,3.3400
УЗКИЙ,3.3400
БОЕВИК,3.3400
ВМЕШИВАТЬСЯ,3.3400
СОСУД,3.3400
ПОЛИТБЮРО,3.3400
ВКУСНЫЙ,3.3400
ТЁТЯ,3.3400
ПОСВЯТИТЬ,3.3400
ДУРНОЙ,3.3400
СНЕЖНЫЙ,3.3400
ВЕЗТИ,3.3400
ОБРАЗОВАНИЕ,3.3300
ОТВЕТСТВЕННЫЙ,3.3300
ПРЕДЫДУЩИЙ,3.3300
ПУГАТЬ,3.3300
КРАСКА,3.3300
ТЕОРИЯ,3.3300
ПЛЫТЬ,3.3300
ЦЕНИТЬ,3.3300
КУРТКА,3.3300
СТАРШИНА,3.3300
ЖИРНЫЙ,3.3300
ПОЛЮБИТЬ,3.3300
РУЧЕЙ,3.3300
ПРИЕЗД,3.3300
ПРИМЕНЯТЬСЯ,3.3300
ВЫЛОЖИТЬ,3.3300
УДЕРЖИВАТЬ,3.3300
ЩЕНОК,3.3300
ДРЯНЬ,3.3300
КАТЕГОРИЧЕСКИ,3.3300
ДРУЖИТЬ,3.3300
ГРУСТЬ,3.3300
ВЕСЕННИЙ,3.3300
НЕВОЛЬНО,3.3300
ПЛИТА,3.3300
ПРИЕЗЖАТЬ,3.3300
ПРИВОДИТЬ,3.3300
ПРОИГРАТЬ,3.3300
САЛО,3.3300
УТВЕРДИТЬ,3.3300
СЕКРЕТНЫЙ,3.3300
ЦЕЛОВАТЬ,3.3200
ОРГАНИЗАЦИЯ,3.3200
ОБВИНЯТЬ,3.3200
ЗАКРЫТЫЙ,3.3200
СЕРЕДИНА,3.3200
БАЛКОН,3.3200
ВДВОЁМ,3.3200
БАНДИТ,3.3200
БЕЗУМНЫЙ,3.3200
ИЗВЕСТИЕ,3.3200
ГРУППИРОВКА,3.3200
ЗАБИРАТЬ,3.3200
ПОЖИТЬ,3.3200
ПРЕДПРИНЯТЬ,3.3200
СТАНОК,3.3200
ПОДВЕСТИ,3.3200
ЗАВИСТЬ,3.3200
АНЕКДОТ,3.3200
ПРЕДУПРЕДИТЬ,3.3200
РАСТВОР,3.3200
ГРЕЧЕСКИЙ,3.3200
ВЧЕРАШНИЙ,3.3200
СТРОГИЙ,3.3200
ОСЕННИЙ,3.3200
ВЫСКАЗАТЬ,3.3200
ДОПУСКАТЬ,3.3200
ЛЫСЫЙ,3.3200
СДАВАТЬСЯ,3.3200
СТРОИТЕЛЬ,3.3200
СЕТКА,3.3200
ДОСТИГНУТЬ,3.3200
ВОЛШЕБНЫЙ,3.3200
ИСКУССТВО,3.3200
ОТНОШЕНИЕ,3.3200
ВЕЛИКОЛЕПНЫЙ,3.3100
ПОЛОЖИТЕЛЬНЫЙ,3.3100
ПЕЧАТАТЬ,3.3100
ВОСПРИНИМАТЬ,3.3100
ПРИСЛАТЬ,3.3100
ПУСТОТА,3.3100
СЛАВНЫЙ,3.3100
СПИРТ,3.3100
СТАЛЬНОЙ,3.3100
ЗАПИСЫВАТЬ,3.3100
ХИМИЧЕСКИЙ,3.3100
ДЕСКАТЬ,3.3100
НЕУДАЧА,3.3100
ХУТОР,3.3100
ПОИСКАТЬ,3.3100
МИНУТКА,3.3100
ПРОПУСК,3.3100
МЕСТЕЧКО,3.3100
БАБОЧКА,3.3100
ОБМОРОК,3.3100
МОСКВИЧ,3.3100
РАНГ,3.3100
ОТСТУПАТЬ,3.3100
МАНЕРА,3.3100
ОБЫЧАЙ,3.3100
СООТВЕТСТВУЮЩИЙ,3.3100
ЗАЛИТЬ,3.3100
ПРАВИТЕЛЬ,3.3100
ХРЕБЕТ,3.3100
ОРЁЛ,3.3100
СПРЯТАТЬ,3.3000
ПОВЕСИТЬ,3.3000
ШКОЛЬНИК,3.3000
ПИТАТЬСЯ,3.3000
РАЗЛИЧИЕ,3.3000
КАРАНДАШ,3.3000
НЕЖНЫЙ,3.3000
ЧИСТИТЬ,3.3000
ГОСУДАРСТВО,3.3000
ХВАТАТЬ,3.3000
ГОРЕТЬ,3.3000
ЯВИТЬСЯ,3.3000
СОДЕРЖАНИЕ,3.3000
ПОСУДА,3.3000
КАША,3.3000
ХИТРЫЙ,3.3000
ВЫРВАТЬ,3.3000
ПЕРЕВОДИТЬ,3.3000
ВЗДОХ,3.3000
ОБЕСПЕЧИВАТЬ,3.3000
ОБЕДАТЬ,3.3000
УЩЕЛЬЕ,3.3000
ПОЛЯНА,3.3000
САНИ,3.3000
УВЕЛИЧЕНИЕ,3.3000
ШПИОН,3.3000
ВЫРВАТЬСЯ,3.3000
ОГОРОД,3.3000
ГВОЗДЬ,3.2900
ДОЛЖНОСТЬ,3.2900
ОЩУЩАТЬ,3.2900
НАСЛАЖДАТЬСЯ,3.2900
ПРИНЯТЫЙ,3.2900
ШАПКА,3.2900
ПОЗВАТЬ,3.2900
САДИТЬСЯ,3.2900
СПОКОЙНЫЙ,3.2900
ВАРИТЬ,3.2900
ПОДЪЕЗД,3.2900
СУМАСШЕДШИЙ,3.2900
ДАВЛЕНИЕ,3.2900
КРЫШКА,3.2900
ПОДЧЕРКНУТЬ,3.2900
УДЕРЖАТЬСЯ,3.2900
НОЧЕВАТЬ,3.2900
ПУЗЫРЬ,3.2900
ПЕТУХ,3.2900
АЭРОДРОМ,3.2900
СУМЕРКИ,3.2900
УПОТРЕБЛЯТЬ,3.2900
ОРЕХ,3.2900
БЛИЖНИЙ,3.2900
ТЕХНИК,3.2900
КОРОЛЕВСКИЙ,3.2900
ЛИСТОК,3.2900
ГОРИЗОНТ,3.2900
АРЕСТОВАТЬ,3.2900
ГОЛОДНЫЙ,3.2800
УГРОЖАТЬ,3.2800
РЕАГИРОВАТЬ,3.2800
АНАЛОГИЧНЫЙ,3.2800
ТАЛАНТЛИВЫЙ,3.2800
ТЁПЛЫЙ,3.2800
СТАРУШКА,3.2800
ПРИСУТСТВОВАТЬ,3.2800
МЕДСЕСТРА,3.2800
МАЛЬЧИШКА,3.2800
ПОВЕРНУТЬ,3.2800
ЗВУЧАТЬ,3.2800
РУБАШКА,3.2800
НАПОМИНАТЬ,3.2800
УДИВЛЯТЬСЯ,3.2800
ВСАДНИК,3.2800
СУХО,3.2800
ТРУДИТЬСЯ,3.2800
СЕМЯ,3.2800
ИЗБРАННЫЙ,3.2800
НАБЕРЕЖНАЯ,3.2800
ТОРГОВАТЬ,3.2800
КОНТОРА,3.2800
ОПИСАНИЕ,3.2800
ЛЕЧЕНИЕ,3.2700
ГРЯЗНЫЙ,3.2700
ПОКУПАТЕЛЬ,3.2700
РУКАВ,3.2700
ПАРОХОД,3.2700
ВЫРАЖАТЬ,3.2700
ПОДПОЛКОВНИК,3.2700
БРОНЗОВЫЙ,3.2700
КОСА,3.2700
СВЕРНУТЬ,3.2700
БРИГАДИР,3.2700
СТРОКА,3.2700
ДЕСЯТИЛЕТИЕ,3.2700
ВОСПИТЫВАТЬ,3.2700
УЗНАВАТЬ,3.2600
НЕБЕСНЫЙ,3.2600
КРАСАВЕЦ,3.2600
ПРОГУЛКА,3.2600
ДЕНЕЖНЫЙ,3.2600
КРОВАВЫЙ,3.2600
ОСЕЛ,3.2600
ГОРШОК,3.2600
ПЕНСИОНЕР,3.2600
УГАДАТЬ,3.2600
ТАЩИТЬ,3.2600
ДЕВИЦА,3.2600
СЕДЛО,3.2600
ОДЕВАТЬСЯ,3.2600
СТАРУХА,3.2600
ЗАЯВЛЕНИЕ,3.2600
ВЕРШИНА,3.2600
ПРИБЫТЬ,3.2600
КОНКРЕТНЫЙ,3.2600
НЕРВ,3.2600
ТУРИСТ,3.2600
ЭФФЕКТИВНЫЙ,3.2600
КРЮЧОК,3.2600
МОНЕТА,3.2600
ПРОБИТЬ,3.2600
ГРАНАТА,3.2600
УЛЕТЕТЬ,3.2600
СЕЙФ,3.2600
ЖАЛОБА,3.2600
ОТКАЗЫВАТЬСЯ,3.2600
СТЕПЬ,3.2600
СУРОВЫЙ,3.2600
РАЗГЛЯДЕТЬ,3.2600
ОБЕЗЬЯНА,3.2500
ЛИНИЯ,3.2500
ПРЕДЛАГАТЬ,3.2500
ПОЧВА,3.2500
ПЕРЕДНИЙ,3.2500
УПОМЯНУТЬ,3.2500
ИСЧЕЗНУТЬ,3.2500
ПОЛУЧИТЬСЯ,3.2500
УБИТЫЙ,3.2500
ТРУС,3.2500
ПОЗА,3.2500
РВАТЬ,3.2500
ИНВАЛИД,3.2500
КАЗАК,3.2500
РОСА,3.2500
НАЛОГОВЫЙ,3.2500
КУПАТЬСЯ,3.2500
ТЕАТРАЛЬНЫЙ,3.2500
ВЫКЛЮЧИТЬ,3.2500
ПРИЛОЖИТЬ,3.2500
УГОВОРИТЬ,3.2500
КОНСТРУКТОР,3.2500
ЖИЛЬЁ,3.2500
ЭШЕЛОН,3.2500
ПОДРУЖКА,3.2500
ДОБЫВАТЬ,3.2500
ГУЛ,3.2500
ГИГАНТСКИЙ,3.2500
ПРЕРВАТЬ,3.2500
РЕЧКА,3.2500
ПЕЩЕРА,3.2500
КИСТЬ,3.2400
ПРИГЛАШАТЬ,3.2400
ПРАЗДНИЧНЫЙ,3.2400
АБСОЛЮТНЫЙ,3.2400
КИЛОМЕТР,3.2400
НАСЕЛЕНИЕ,3.2400
ПОРЫВ,3.2400
УСТАНОВЛЕННЫЙ,3.2400
УСТУПИТЬ,3.2400
ШУМНО,3.2400
АВТОМОБИЛЬНЫЙ,3.2400
ЛЮБОВНИК,3.2400
ВОЗИТЬ,3.2400
КОНЬЯК,3.2400
ОТОРВАТЬ,3.2400
УСТРОИТЬСЯ,3.2400
ВОЗМОЖНЫЙ,3.2400
ГАЛСТУК,3.2400
СОЕДИНИТЬ,3.2400
ДЛИТЬСЯ,3.2400
ОРАНЖЕВЫЙ,3.2400
КОЗА,3.2400
КАПУСТА,3.2300
НАСТАИВАТЬ,3.2300
ВОЗВРАЩАТЬ,3.2300
ДОРОЖКА,3.2300
ЯВНЫЙ,3.2300
ГНАТЬ,3.2300
ЛУГ,3.2300
ПЕТЛЯ,3.2300
ИНФОРМАЦИОННЫЙ,3.2300
РАССТРЕЛ,3.2300
ПЕНА,3.2300
ПРАКТИК,3.2300
ПОМЕСТИТЬ,3.2300
ПРОМЫШЛЕННЫЙ,3.2300
ОЩУТИТЬ,3.2300
НЕОБХОДИМЫЙ,3.2300
ПРОВОД,3.2300
ПРОВОДИТЬСЯ,3.2300
ПОСТАРАТЬСЯ,3.2300
УДОВЛЕТВОРИТЬ,3.2200
ОТЧАЯНИЕ,3.2200
ЧАШКА,3.2200
ВСТАВИТЬ,3.2200
РАССУЖДАТЬ,3.2200
РАЗУМНЫЙ,3.2200
СМЕРТНЫЙ,3.2200
ДИСЦИПЛИНА,3.2200
СЕМНАДЦАТЬ,3.2200
ПОБЛАГОДАРИТЬ,3.2200
ГРУБЫЙ,3.2200
ОПЕРАЦИЯ,3.2200
ПОНРАВИТЬСЯ,3.2200
СКРЫТЫЙ,3.2200
РАЗОРВАТЬ,3.2200
РАМА,3.2200
НЕЗАВИСИМЫЙ,3.2200
БЛОКНОТ,3.2200
ПОДЧИНЯТЬСЯ,3.2200
БУДИТЬ,3.2200
СТРАЖА,3.2200
ЮРИДИЧЕСКИЙ,3.2200
ВХОДНОЙ,3.2200
НЫТЬ,3.2200
НЕКОГО,3.2200
НОВОСТЬ,3.2100
НЕРВНЫЙ,3.2100
РАЗНЫЙ,3.2100
СВЕЧА,3.2100
РОДИТЬСЯ,3.2100
УСПОКОИТЬСЯ,3.2100
ОПУСТИТЬ,3.2100
ЗАСТАВЛЯТЬ,3.2100
КЛАСТЬ,3.2100
ПУСТЫНЯ,3.2100
ПОЦЕЛОВАТЬ,3.2100
ПОДХОДЯЩИЙ,3.2100
РУГАТЬСЯ,3.2100
ПАПКА,3.2100
ГНОМ,3.2100
ПЕХОТА,3.2100
СДЕРЖИВАТЬ,3.2100
СВЯЩЕННЫЙ,3.2100
СТРОИТЕЛЬНЫЙ,3.2100
ПРОБКА,3.2100
НАЛОЖИТЬ,3.2100
МАТРОС,3.2100
ЖРАТЬ,3.2100
ВЕНА,3.2100
ВАННА,3.2100
СТОЯЩИЙ,3.2100
НАДЕВАТЬ,3.2000
ТРУБКА,3.2000
ДОГАДАТЬСЯ,3.2000
ОТЛИЧАТЬСЯ,3.2000
КАСАТЬСЯ,3.2000
ФИЗИЧЕСКИЙ,3.2000
ПОВЫШЕНИЕ,3.2000
ТИХОНЬКО,3.2000
ПЕРСПЕКТИВА,3.2000
ОБИДА,3.2000
НАБИРАТЬ,3.2000
СТОЛЕТИЕ,3.2000
ВОРОВАТЬ,3.2000
ПОДАВИТЬ,3.2000
ЖУТКИЙ,3.2000
НЕМОЙ,3.2000
АЛЛЕЯ,3.2000
ПОГОНЯ,3.2000
ОГНЕННЫЙ,3.2000
БОЛТАТЬ,3.2000
ПОКРЫТЬ,3.2000
ХВАТИТЬ,3.2000
РАЗБУДИТЬ,3.2000
ВИЗА,3.2000
УГОЛОВНЫЙ,3.2000
РАНЕНЫЙ,3.2000
ВОЛШЕБНИК,3.2000
ОБЩЕЖИТИЕ,3.2000
ИЗДЕЛИЕ,3.2000
НЕДАРОМ,3.2000
ВЫГНАТЬ,3.2000
ТЯЖЕСТЬ,3.2000
ВЫБРОСИТЬ,3.2000
СОБРАНИЕ,3.2000
ВАЛИТЬ,3.1900
РАВНЫЙ,3.1900
НЕОЖИДАННЫЙ,3.1900
РЕАКЦИЯ,3.1900
БРАТЕЦ,3.1900
ВОСЕМЬДЕСЯТ,3.1900
СТАНДАРТНЫЙ,3.1900
ЖЁЛТЫЙ,3.1900
ПАТРОН,3.1900
БЛЕСТЯЩИЙ,3.1900
ОТРЕЗАТЬ,3.1900
ПОЛОТЕНЦЕ,3.1900
ЭЛЕКТРИЧЕСКИЙ,3.1900
ГУБА,3.1900
ПАЛКА,3.1900
РАЗВЕДЧИК,3.1900
ОКОНЧАТЕЛЬНЫЙ,3.1900
УГОДИТЬ,3.1900
ПОГИБНУТЬ,3.1900
ПРЯТАТЬ,3.1900
УЛОЖИТЬ,3.1900
РЕШИТЬСЯ,3.1900
ПАРТИЙНЫЙ,3.1900
ВМЕШАТЬСЯ,3.1900
ВЫКИНУТЬ,3.1900
ПОДРОБНЫЙ,3.1900
ПЕРЕНОСИТЬ,3.1900
МОРАЛЬНЫЙ,3.1900
ПЛОТ,3.1900
НАРИСОВАТЬ,3.1900
ОТОРВАТЬСЯ,3.1900
КАССА,3.1800
ПАЧКА,3.1800
НАЧАТЬСЯ,3.1800
САПОГ,3.1800
МОРДА,3.1800
СООТВЕТСТВОВАТЬ,3.1800
ЛОЖИТЬСЯ,3.1800
КВАДРАТНЫЙ,3.1800
СВИСТ,3.1800
СУЕТА,3.1800
ТРОПА,3.1800
СКУКА,3.1800
ПРОКЛЯТЫЙ,3.1800
ПЛОСКИЙ,3.1800
СВОДИТЬ,3.1800
ЗАЛЕЗТЬ,3.1800
ПРОФЕССИОНАЛ,3.1800
МУЧИТЬ,3.1800
ЗАЖЕЧЬ,3.1800
ЖАРКИЙ,3.1800
УСТРОЙСТВО,3.1700
ЯСНЫЙ,3.1700
ЮБКА,3.1700
ЛАДОНЬ,3.1700
ОЩУЩЕНИЕ,3.1700
СХВАТИТЬ,3.1700
ГЕРМАНИЯ,3.1700
ПРОСНУТЬСЯ,3.1700
КОРИЧНЕВЫЙ,3.1700
ВСЕРЬЁЗ,3.1700
ВЫСЛУШАТЬ,3.1700
ОШИБАТЬСЯ,3.1700
КОРЕЙСКИЙ,3.1700
СПРЯТАТЬСЯ,3.1700
ОФИЦИАНТ,3.1700
ШЕСТНАДЦАТЬ,3.1700
РЕБРО,3.1700
УКАЗАННЫЙ,3.1700
ГОРЕЧЬ,3.1700
ПРОРВАТЬСЯ,3.1700
ИНСТИНКТ,3.1700
НАТУРА,3.1700
МЁД,3.1700
ПРЕДЪЯВИТЬ,3.1700
ОВЦА,3.1700
СИЛУЭТ,3.1700
ОВЛАДЕТЬ,3.1700
КОСОЙ,3.1700
СОСТОЯТЬСЯ,3.1700
ЕВРЕЙСКИЙ,3.1700
ИСПОЛЬЗОВАНИЕ,3.1700
ПОПРАВИТЬ,3.1700
ГРОХОТ,3.1700
КАРТОШКА,3.1600
ФРАНЦИЯ,3.1600
ТОТЧАС,3.1600
РАДОСТЬ,3.1600
ПОДНИМАТЬСЯ,3.1600
ЗАДАНИЕ,3.1600
ПОЛЕЗНЫЙ,3.1600
ВИДНЫЙ,3.1600
ДОРОЖНЫЙ,3.1600
НАР,3.1600
УТРЕННИЙ,3.1600
ДОБАВЛЯТЬ,3.1600
ЕСТЕСТВЕННЫЙ,3.1600
ПРЕСЛЕДОВАТЬ,3.1600
НЕКОТОРЫЙ,3.1600
ЦАРСКИЙ,3.1600
ПРОШЕДШИЙ,3.1600
СУЩЕСТВЕННЫЙ,3.1600
ИКРА,3.1600
ЗАМЕТКА,3.1600
ЦЕПОЧКА,3.1600
БЛАГОРОДНЫЙ,3.1500
ВОЛНОВАТЬСЯ,3.1500
КИТАЕЦ,3.1500
ПИОНЕР,3.1500
ЗВАНИЕ,3.1500
ЗАКОНЧИТЬСЯ,3.1500
ПРИМЕНЕНИЕ,3.1500
ПРОЩАТЬ,3.1500
ТОРОПИТЬСЯ,3.1500
УДИВИТЕЛЬНЫЙ,3.1500
ПЛОТНЫЙ,3.1500
НЕПРИЯТНЫЙ,3.1500
УПУСТИТЬ,3.1500
ПРОПУСКАТЬ,3.1500
СКУЧНЫЙ,3.1500
НИЩИЙ,3.1500
БАРАН,3.1500
БЫТИЕ,3.1500
УНИЧТОЖАТЬ,3.1500
СКОТИНА,3.1500
ДЕРЖАВА,3.1500
ЩЕЛЬ,3.1500
СЛУЧАЙНЫЙ,3.1500
СКЛОН,3.1500
ГРУСТНЫЙ,3.1400
ТАЙГА,3.1400
ЗАТЫЛОК,3.1400
ВЫРЕЗАТЬ,3.1400
ПЕРЕСЕЧЬ,3.1400
ПРОИЗНЕСТИ,3.1400
ЖЕЛЕЗНОДОРОЖНЫЙ,3.1400
ГОЛОВКА,3.1400
ВЕТЕРОК,3.1400
ОДЕТЬСЯ,3.1400
СЕЛЬСКИЙ,3.1400
ГОРДЫЙ,3.1400
МОДНЫЙ,3.1400
РОДСТВЕННИК,3.1400
ПЕЧАЛЬНЫЙ,3.1400
ПОРАЖЕНИЕ,3.1400
СТЕНКА,3.1400
СТАРИННЫЙ,3.1400
ПРИБАВИТЬ,3.1400
ЖИДКИЙ,3.1400
НЕГР,3.1400
КОМЕНДАНТ,3.1400
МОЛОЧНЫЙ,3.1300
ПРОБОВАТЬ,3.1300
ПРИСТАЛЬНО,3.1300
СЕДОЙ,3.1300
БЕСПОКОИТЬСЯ,3.1300
ПОДЗЕМНЫЙ,3.1300
КОЛДУН,3.1300
ОПАСАТЬСЯ,3.1300
ДОЛОЖИТЬ,3.1300
ИЗДАЛИ,3.1300
ТАСКАТЬ,3.1300
ОТВЕЗТИ,3.1300
ПОСТОЯТЬ,3.1300
УЧЁБА,3.1300
КОНЕЧНЫЙ,3.1200
ПОВЕДЕНИЕ,3.1200
ИСХОДИТЬ,3.1200
БРАТЬСЯ,3.1200
ИСКУССТВЕННЫЙ,3.1200
МЕНЬШИЙ,3.1200
ВОРОБЕЙ,3.1200
НАПИТЬСЯ,3.1200
ОБМАНЫВАТЬ,3.1200
ДРУЖОК,3.1200
МЛАДЕНЕЦ,3.1200
СТОЯНКА,3.1200
УБЕЖДАТЬ,3.1200
РАССТАВАТЬСЯ,3.1200
РЫВОК,3.1200
ТАНЦОР,3.1200
АКЦИЯ,3.1200
ДЕЖУРНЫЙ,3.1200
ТЕЧЬ,3.1200
ОСМОТРЕТЬ,3.1200
ПРЕДАТЕЛЬ,3.1200
КОМИССИЯ,3.1200
ВВЕДЕНИЕ,3.1200
СОГЛАШЕНИЕ,3.1100
РАЗБИРАТЬ,3.1100
ПОЖАРНЫЙ,3.1100
ГУСТО,3.1100
СОСЕДНИЙ,3.1100
ОСТАНАВЛИВАТЬСЯ,3.1100
ТЕМНОТА,3.1100
ЛАСКОВО,3.1100
СОСНА,3.1100
КОСНУТЬСЯ,3.1100
БЕДРО,3.1100
ОБШИРНЫЙ,3.1100
ВИЗГ,3.1100
ФОНАРИК,3.1100
КОМСОМОЛЕЦ,3.1100
ИШЬ,3.1100
СХВАТКА,3.1100
ПОСТРОЙКА,3.1100
ПРЯТАТЬСЯ,3.1100
ПРИКРЫТЬ,3.1100
ОТДЕЛЕНИЕ,3.1100
КРЕСТЬЯНИН,3.1000
ПОДУШКА,3.1000
ОБОЛОЧКА,3.1000
ПРИНАДЛЕЖАТЬ,3.1000
ОБЪЁМ,3.1000
СВОЕОБРАЗНЫЙ,3.1000
ФРУКТ,3.1000
ЧИСТОТА,3.1000
БРЮХО,3.1000
ТОРГОВЕЦ,3.1000
ГЛИНА,3.1000
БУРЫЙ,3.1000
ПРОИСШЕСТВИЕ,3.1000
НОСОК,3.1000
ПРИЛИЧНЫЙ,3.1000
НАСТУПАТЬ,3.1000
ПОТРЕБОВАТЬ,3.1000
СНИЖЕНИЕ,3.1000
ГРАДУС,3.1000
СТОЛКНУТЬСЯ,3.1000
ПРИОБРЕТАТЬ,3.1000
НАВЕСТИТЬ,3.1000
ГРЕК,3.1000
УКРАСИТЬ,3.0900
КОРЗИНА,3.0900
ОБЕЩАТЬ,3.0900
КРУТИТЬ,3.0900
ПРЕВРАТИТЬСЯ,3.0900
ВОЗНИКАТЬ,3.0900
ЖАЛКИЙ,3.0900
ИЗОБРАЖАТЬ,3.0900
ПОДЪЁМ,3.0900
ДАВНИЙ,3.0900
СЕРДЕЧНЫЙ,3.0900
СТОН,3.0900
ПЛАСТИНКА,3.0900
ПАРОВОЗ,3.0900
СТОЛИЧНЫЙ,3.0900
ЗЛИТЬСЯ,3.0900
СТОРОННИК,3.0900
ВЛЕЗТЬ,3.0900
РАССЧИТАТЬ,3.0900
ТЁМНЫЙ,3.0900
ОШИБИТЬСЯ,3.0900
ДОСТАВЛЯТЬ,3.0800
ТВЕРДЫЙ,3.0800
УСИЛИЕ,3.0800
ОБЫКНОВЕННЫЙ,3.0800
ВИНТОВКА,3.0800
РАЗВЕРНУТЬ,3.0800
ОКОШКО,3.0800
НАЛИТЬ,3.0800
ОТЪЕЗД,3.0800
ИЗДАТЬ,3.0800
РУГАТЬ,3.0800
КОММЕРЧЕСКИЙ,3.0800
КИНУТЬ,3.0800
БРЕВНО,3.0800
НАЗНАЧАТЬ,3.0800
ШОРТ-ТРЕК,3.0800
ОТРИЦАТЕЛЬНЫЙ,3.0700
ОДЕТЫЙ,3.0700
ПРЫГНУТЬ,3.0700
ЯПОНЕЦ,3.0700
ОТСТАВКА,3.0700
ИЗРАИЛЬСКИЙ,3.0700
ПОДОЗРИТЕЛЬНО,3.0700
ФУРГОН,3.0700
ЯПОНИЯ,3.0700
ПРОЙТИСЬ,3.0700
НЕЗНАКОМЕЦ,3.0700
ПОДБОРОДОК,3.0700
МОГУЧИЙ,3.0700
БАТЮШКА,3.0700
УЛИЧНЫЙ,3.0700
МЕХАНИЧЕСКИЙ,3.0700
ПЕСЕНКА,3.0700
ВЫСЛАТЬ,3.0700
РОЖА,3.0700
ФЮРЕР,3.0700
ПРОЩАТЬСЯ,3.0700
БОТИНОК,3.0700
ЭНЕРГИЯ,3.0600
БРОВЬ,3.0600
ГЕРМАНСКИЙ,3.0600
ТЮРЕМНЫЙ,3.0600
ВОСЕМНАДЦАТЬ,3.0600
МУЧИТЕЛЬНО,3.0600
ПРЕДВАРИТЕЛЬНЫЙ,3.0600
ГЕНИАЛЬНЫЙ,3.0600
ОПУБЛИКОВАТЬ,3.0600
МЕДЛЕННЫЙ,3.0600
ХАРАКТЕРНЫЙ,3.0600
ЯЗВА,3.0600
РУБИТЬ,3.0600
ПОЛУЧЕНИЕ,3.0600
ВОЗРАЖАТЬ,3.0600
КОМАНДОВАТЬ,3.0600
ЖЕЛАЮЩИЙ,3.0500
ПОРАЗИТЬ,3.0500
НЕВЕРОЯТНЫЙ,3.0500
БЛАГОДАРИТЬ,3.0500
ЗАКАНЧИВАТЬ,3.0500
ЗНАЧИТЬ,3.0500
МИЛИЦИОНЕР,3.0500
СОПРОВОЖДАТЬ,3.0500
ДОСТАВАТЬ,3.0500
АНГЛИЧАНИН,3.0500
ПЕРЕСТРОЙКА,3.0500
ИНДИВИДУАЛЬНЫЙ,3.0500
ПОСТРАДАТЬ,3.0500
СОЧУВСТВИЕ,3.0500
ВЗЯТОК,3.0500
ХОББИТ,3.0500
ИЗВИНЯТЬСЯ,3.0500
ВОЗБУДИТЬ,3.0500
БЕЛЬЁ,3.0500
ПОСЛЕДОВАТЬ,3.0500
ПАСТУХ,3.0400
МОЩНОСТЬ,3.0400
ЛИЧНОСТЬ,3.0400
ВИСЕТЬ,3.0400
СЕНО,3.0400
ПОХОДИТЬ,3.0400
ПЕРЕМЕНА,3.0400
ЗАЛОЖИТЬ,3.0400
ОБРАЩЕНИЕ,3.0400
МЕХАНИЗМ,3.0400
УВЕЗТИ,3.0400
ПАЛОЧКА,3.0400
УВЕСТИ,3.0400
АРМЕЙСКИЙ,3.0400
ПОТЕРПЕТЬ,3.0400
АТОМНЫЙ,3.0400
ДЫРКА,3.0400
ТАИНСТВЕННЫЙ,3.0400
РОДИТЕЛЬ,3.0300
ПОЯВЛЕНИЕ,3.0300
ПОПАДАТЬ,3.0300
МОЛОДЁЖЬ,3.0300
ЖЕВАТЬ,3.0300
ХОЗЯЙСТВЕННЫЙ,3.0300
МЕДНЫЙ,3.0300
ЛОЖНЫЙ,3.0300
ТРЕВОЖНО,3.0300
ЧЕРДАК,3.0300
НАПАДАТЬ,3.0300
ПОЖАЛЕТЬ,3.0300
ЗАМЕТНЫЙ,3.0300
БЕСПОКОИТЬ,3.0300
ВЛАЖНЫЙ,3.0300
ПРАКТИЧЕСКИЙ,3.0300
РАЗЛИЧАТЬ,3.0300
ВРУЧИТЬ,3.0300
СТРОИТЬСЯ,3.0300
СОЮЗНИК,3.0300
СЛЕДСТВЕННЫЙ,3.0300
МАШИНКА,3.0300
РОСКОШНЫЙ,3.0300
ШКУРА,3.0300
СРЕДСТВО,3.0300
ОБЕСПЕЧЕНИЕ,3.0200
СПУСТИТЬСЯ,3.0200
БРОДИТЬ,3.0200
ПРИМЕТА,3.0200
МРАЧНЫЙ,3.0200
БЕШЕНЫЙ,3.0200
БУФЕТ,3.0200
ОСВОБОДИТЬСЯ,3.0200
ПРОВОДНИК,3.0200
ЗНАЮЩИЙ,3.0200
ЧУДАК,3.0200
ОГРАНИЧЕННЫЙ,3.0200
ПОКОЙНЫЙ,3.0200
ОВРАГ,3.0200
НАМЁК,3.0200
ТУЧА,3.0200
ЛЕНИНГРАДСКИЙ,3.0200
РАЗВЕСТИ,3.0200
СЛУЖЕБНЫЙ,3.0200
ЗАСЛУЖИТЬ,3.0200
ПРОИЗНОСИТЬ,3.0200
РЕЛИГИОЗНЫЙ,3.0200
ДЕТЬСЯ,3.0200
ФАМИЛИЯ,3.0100
НАПУГАТЬ,3.0100
БУМАЖНЫЙ,3.0100
ЗАСУНУТЬ,3.0100
ПОСЕТИТЕЛЬ,3.0100
ШОФЕР,3.0100
ТАРЕЛКА,3.0100
ПРЕДПОЛАГАТЬ,3.0100
НАРУШЕНИЕ,3.0100
ВПЕЧАТЛЕНИЕ,3.0100
ПОЗВОЛЯТЬ,3.0100
ИЗБА,3.0100
ТРЯПКА,3.0100
ВОЛЬНЫЙ,3.0100
КОЗЁЛ,3.0100
ПОТОМОК,3.0100
УБЕГАТЬ,3.0100
ОБХОДИТЬСЯ,3.0100
ПРОВЕДЕНИЕ,3.0100
ИССЛЕДОВАНИЕ,3.0100
ХОЗЯЙСТВО,3.0000
СЕКУНДА,3.0000
СЛЕЗА,3.0000
НАСТУПИТЬ,3.0000
ИТАЛИЯ,3.0000
РЕШАТЬСЯ,3.0000
ОКРУЖАЮЩИЙ,3.0000
ОСКОЛОК,3.0000
НАПОЛНИТЬ,3.0000
НАКРЫТЬ,3.0000
ЗАКОННЫЙ,3.0000
БУРНЫЙ,3.0000
МРАЧНО,3.0000
СОЧИНЯТЬ,3.0000
БОЛЬШЕВИК,3.0000
ИЗОБРАЗИТЬ,3.0000
ЭМОЦИОНАЛЬНЫЙ,3.0000
НАИВНЫЙ,3.0000
СЕКСУАЛЬНЫЙ,3.0000
СРОЧНЫЙ,3.0000
ПРЕДАННЫЙ,3.0000
АККУМУЛЯТОР,3.0000
РАЗРЕШЕНИЕ,3.0000
ЛЮБОПЫТНЫЙ,2.9900
СДВИНУТЬ,2.9900
ОТРАЖАТЬ,2.9900
ИЗМЕНЕНИЕ,2.9900
ДАЛЬНЕЙШИЙ,2.9900
МЫШКА,2.9900
СИМПАТИЧНЫЙ,2.9900
БАШКА,2.9900
КЛИЧКА,2.9900
ВЕЛИЧАЙШИЙ,2.9900
ВИДЕТЬСЯ,2.9900
ПСИХОЛОГИЧЕСКИЙ,2.9900
МЕТАЛЛИЧЕСКИЙ,2.9900
ПИТАНИЕ,2.9900
МИНИСТЕРСТВО,2.9900
ОБОРУДОВАНИЕ,2.9900
ОПИРАТЬСЯ,2.9900
ВЕСТИСЬ,2.9900
ТРЕЗВЫЙ,2.9900
РАЗЫСКАТЬ,2.9900
ВЯЛО,2.9900
ПЛЮНУТЬ,2.9900
НАСТРОЕНИЕ,2.9800
СТУЧАТЬ,2.9800
ДУТЬ,2.9800
ПОЗИЦИЯ,2.9800
ТРОТУАР,2.9800
СПАЛЬНЯ,2.9800
ЖЁСТКИЙ,2.9800
ПАДЕНИЕ,2.9800
ЗАБОЛЕТЬ,2.9800
СУЩЕСТВУЮЩИЙ,2.9800
ПРОСТОР,2.9800
ПРИБЛИЗИТЬСЯ,2.9800
РАЗДЕЛЯТЬ,2.9800
КОЖАНЫЙ,2.9800
ЧЕЧНЯ,2.9800
РУЖЬЁ,2.9800
СТОЙКА,2.9800
ОПАСНОСТЬ,2.9800
ВЫНУТЬ,2.9800
ПРИЗНАНИЕ,2.9800
ТЯЖКИЙ,2.9800
ПОХОРОНИТЬ,2.9700
ЗАГОВОРИТЬ,2.9700
ЗАСЫПАТЬ,2.9700
НЕПОДАЛЁКУ,2.9700
ВОРОТНИК,2.9700
СКРЫВАТЬСЯ,2.9700
НАПЕЧАТАТЬ,2.9700
СОЛИДНЫЙ,2.9700
ПОРУЧИТЬ,2.9700
ОБХОДИТЬ,2.9700
ВЫЛЕТЕТЬ,2.9700
ПОКОЛЕНИЕ,2.9700
УВЕРЕННЫЙ,2.9700
СВЯЗЫВАТЬ,2.9700
УЮТНЫЙ,2.9700
СИМПТОМ,2.9700
КОМАР,2.9600
СПУСКАТЬСЯ,2.9600
СКОРЫЙ,2.9600
БЛЕДНЫЙ,2.9600
НАПРАВЛЕНИЕ,2.9600
СОБАЧИЙ,2.9600
РАДОСТНЫЙ,2.9600
КОНФЕРЕНЦИЯ,2.9600
ПРИВЯЗАТЬ,2.9600
ОПОЗДАТЬ,2.9600
ОТБРОСИТЬ,2.9600
ДОСТУПНЫЙ,2.9600
ТРЕСК,2.9600
РАСПРОСТРАНИТЬ,2.9600
ОПУСКАТЬ,2.9600
ГОНЯТЬ,2.9600
РАЗВОДИТЬ,2.9600
КОМПЬЮТЕРНЫЙ,2.9600
РЕВОЛЮЦИОННЫЙ,2.9600
ПРОДОЛЖЕНИЕ,2.9600
КОНЧИТЬ,2.9600
ЛАМПОЧКА,2.9500
ПРОЗРАЧНЫЙ,2.9500
ОПЕРАТИВНЫЙ,2.9500
ВОЗИТЬСЯ,2.9500
ДУРАЦКИЙ,2.9500
ПЕРЕВЕРНУТЬ,2.9500
ЗЛОБА,2.9500
ЛЮБОВАТЬСЯ,2.9500
ОБРЫВ,2.9500
УСТУПАТЬ,2.9500
ВЗЛЕТЕТЬ,2.9500
АДЪЮТАНТ,2.9500
ПОВЫШЕННЫЙ,2.9500
КОСТЁР,2.9500
ОДИНАКОВЫЙ,2.9500
ПОЛАГАТЬСЯ,2.9500
ЗАКЛЮЧЕНИЕ,2.9500
СТЕКЛЯННЫЙ,2.9500
ОКРУЖИТЬ,2.9500
ПРИВЫЧНЫЙ,2.9500
СТАНЦИЯ,2.9500
ЛАПА,2.9500
ХАТА,2.9500
НЕГОДЯЙ,2.9500
ПОХОДКА,2.9500
УДАЛИТЬСЯ,2.9500
ТРЕЩИНА,2.9500
ПРЕДЧУВСТВИЕ,2.9500
ВСТРЕЧНЫЙ,2.9500
ЗАИНТЕРЕСОВАТЬ,2.9500
НЕВИДИМЫЙ,2.9500
ПОЖАТЬ,2.9400
ТВОРЧЕСТВО,2.9400
КОМБАТ,2.9400
СМЕРТЕЛЬНЫЙ,2.9400
СОГЛАШАТЬСЯ,2.9400
ЯГОДА,2.9400
ЗАХОТЕТЬ,2.9400
ПАЛАТКА,2.9400
ПРОСТРАНСТВО,2.9400
ОТХОДИТЬ,2.9400
ФАНТАСТИЧЕСКИЙ,2.9400
ОДИНОЧКА,2.9400
ШТУРМАН,2.9400
ТАНКОВЫЙ,2.9400
ТЕРПЕЛИВО,2.9400
РАССЛЕДОВАНИЕ,2.9400
СКАКАТЬ,2.9400
ЗАГНАТЬ,2.9400
ФУНКЦИЯ,2.9400
ДУШЕВНЫЙ,2.9400
НАКАЗАНИЕ,2.9400
СОЗНАНИЕ,2.9300
ОБЕРНУТЬСЯ,2.9300
КИШКА,2.9300
ПОШУТИТЬ,2.9300
ФИОЛЕТОВЫЙ,2.9300
НАВОДИТЬ,2.9300
ОТВЕТСТВЕННОСТЬ,2.9300
ПОДОЗРЕВАТЬ,2.9300
СОПРОТИВЛЯТЬСЯ,2.9300
ТРЯСТИ,2.9300
ВЫПОЛНЕНИЕ,2.9300
ЗАБЫТЫЙ,2.9300
АЛЫЙ,2.9300
ШУБА,2.9300
КОНЧИК,2.9300
ОБРАЗОВАННЫЙ,2.9300
ПОПРОЩАТЬСЯ,2.9300
АГЕНТСТВО,2.9300
ГРАНДИОЗНЫЙ,2.9300
ГРЕБЕНЬ,2.9300
СОТНИК,2.9300
ВЫСТРЕЛИТЬ,2.9200
ИНОСТРАНЕЦ,2.9200
РАЗОЙТИСЬ,2.9200
ЗАГАДОЧНЫЙ,2.9200
РОВНЫЙ,2.9200
ПРОТИВОРЕЧИЕ,2.9200
ЧЕПУХА,2.9200
ФИГУРКА,2.9200
ТРИБУНА,2.9200
ПЛЯСАТЬ,2.9200
ТОНЯ,2.9200
ОГУРЕЦ,2.9200
ЧЕЛОВЕЧЕК,2.9200
РАСПРОСТРАНЯТЬСЯ,2.9200
КИДАТЬ,2.9200
ДЫХАНИЕ,2.9200
ЯВЛЕНИЕ,2.9200
КАБИНА,2.9100
ИСЧЕЗАТЬ,2.9100
ИМУЩЕСТВО,2.9100
УЛЫБНУТЬСЯ,2.9100
ПОЛОК,2.9100
НУЖДА,2.9100
ЗАСЕДАНИЕ,2.9100
ЗАРУБЕЖНЫЙ,2.9100
БУДКА,2.9100
МАГИЧЕСКИЙ,2.9100
ПУСТЯК,2.9100
ВОЗВРАЩЕНИЕ,2.9100
ПРИВЕТСТВОВАТЬ,2.9100
ПОНЕСТИ,2.9100
СЛУШАТЬСЯ,2.9100
ОБЯЗАТЕЛЬНЫЙ,2.9100
УТОНУТЬ,2.9100
НОВЕНЬКИЙ,2.9100
ПОПКОРН,2.9100
КРЫЛЬЦО,2.9100
СПОСОБНОСТЬ,2.9000
СУМЕТЬ,2.9000
ИСПОЛНЕНИЕ,2.9000
УНЕСТИ,2.9000
ОВОЩ,2.9000
ВЫГОДНЫЙ,2.9000
ОРГАНИЗМ,2.9000
НЕПРАВИЛЬНЫЙ,2.9000
ЗВЁЗДНЫЙ,2.9000
БАНКОМАТ,2.9000
ПРИСЕСТЬ,2.9000
ПОЯСНИТЬ,2.9000
ПОЛЕТЕТЬ,2.9000
ДОЖИДАТЬСЯ,2.9000
НАПАДЕНИЕ,2.9000
ЗНАНИЕ,2.8900
ПРОЧНЫЙ,2.8900
СИГАРЕТА,2.8900
ЖИВОТНЫЙ,2.8900
ПОСПЕШНО,2.8900
ОТПРАВЛЯТЬСЯ,2.8900
МЫШЦА,2.8900
ИЗУЧЕНИЕ,2.8900
ПОЧКА,2.8900
ПАРНИШКА,2.8900
ПРОХОЖИЙ,2.8900
ОПИСЫВАТЬ,2.8900
ПРОСЫПАТЬСЯ,2.8900
ПРЕДОК,2.8900
МУНДИР,2.8900
СОВЕРШЕННЫЙ,2.8900
СУПЕРМАРКЕТ,2.8900
ШУМЕТЬ,2.8900
НЕОБХОДИМОСТЬ,2.8800
ПОСТАНОВЛЕНИЕ,2.8800
ТОЛКАТЬ,2.8800
ВОЗРАЗИТЬ,2.8800
ОТКРЫТЬСЯ,2.8800
КОЛБАСА,2.8800
ВЫТЯНУТЬ,2.8800
ОХВАТИТЬ,2.8800
ЧТЕНИЕ,2.8800
РАЗДРАЖАТЬ,2.8800
ЗАНЕСТИ,2.8800
НУЛЬ,2.8800
ПРИГОДИТЬСЯ,2.8800
РЕЛЬС,2.8800
ВЕРХУШКА,2.8800
ЗЕМЛЯК,2.8800
ВЗАИМНЫЙ,2.8800
ПОДСТАВИТЬ,2.8800
АКТИВНОСТЬ,2.8800
ПОСЕЛИТЬСЯ,2.8800
ТРЕВОЖНЫЙ,2.8800
МУЧИТЬСЯ,2.8800
ВЫСТУПЛЕНИЕ,2.8800
НОЖКА,2.8800
ГЛАДКИЙ,2.8700
ГОСТЬ,2.8700
РЕВОЛЮЦИЯ,2.8700
ВЫРАЖЕНИЕ,2.8700
ГЛЯНУТЬ,2.8700
ПРОДУКЦИЯ,2.8700
КОНЧАТЬ,2.8700
ПЕРЕХВАТИТЬ,2.8700
БЕССМЕРТНЫЙ,2.8700
ДЕМОКРАТИЧЕСКИЙ,2.8700
ЖАДНО,2.8700
ПРОИЗВОДСТВЕННЫЙ,2.8700
ПОРЯДОЧНЫЙ,2.8700
КУРСАНТ,2.8700
ВЕЖЛИВЫЙ,2.8700
ТОРЖЕСТВЕННЫЙ,2.8700
МАХАТЬ,2.8700
РАЗРЕШАТЬ,2.8700
ПРЕДСТАВЛЕНИЕ,2.8700
ДЕТСТВО,2.8700
ЗАМОЛЧАТЬ,2.8700
ВНЕЗАПНЫЙ,2.8700
ОБИЖАТЬСЯ,2.8700
ПРОНИКАТЬ,2.8700
РЕДАКЦИЯ,2.8700
ПРОВОЖАТЬ,2.8700
ДРАГОЦЕННЫЙ,2.8600
РЕШИТЕЛЬНЫЙ,2.8600
ДОСТИЖЕНИЕ,2.8600
СЧЕСТЬ,2.8600
ФАШИСТ,2.8600
ТЕХНОЛОГИЯ,2.8600
КОПИЯ,2.8600
РЕАЛЬНОСТЬ,2.8600
ГЛЯДЕТЬ,2.8600
ПРОТЯНУТЬ,2.8600
ЗАДУМЫВАТЬСЯ,2.8600
САМОСТОЯТЕЛЬНЫЙ,2.8600
РАЗБОЙНИК,2.8600
ЗАЯВЛЯТЬ,2.8600
ОТСТАВАТЬ,2.8600
КОЛЯСКА,2.8600
МАТЕРИАЛЬНЫЙ,2.8600
РАМКА,2.8500
СПРАВЕДЛИВЫЙ,2.8500
СУЩЕСТВО,2.8500
СУЩЕСТВОВАНИЕ,2.8500
ПРЕСТУПЛЕНИЕ,2.8500
БАРИН,2.8500
ОБЩЕНИЕ,2.8500
ТЕЛЕГРАММА,2.8500
ПОНАДОБИТЬСЯ,2.8500
БИНОКЛЬ,2.8500
СТУДЕНЧЕСКИЙ,2.8500
ПИСЬМЕННЫЙ,2.8500
ПРИХОДИТЬСЯ,2.8500
ЧАСТЫЙ,2.8500
КАЧАТЬ,2.8500
ПРИЗЫВАТЬ,2.8500
ЛУЖА,2.8500
ТЫКАТЬ,2.8500
ОБНИМАТЬ,2.8400
ОСНОВАТЬ,2.8400
НЕЗНАКОМЫЙ,2.8400
ЛОПАТА,2.8400
ДЕРЕВЕНСКИЙ,2.8400
ЗАБРАТЬСЯ,2.8400
УСТАЛО,2.8400
ТОННА,2.8400
РОБКО,2.8400
НАЗНАЧЕНИЕ,2.8400
УВАЖЕНИЕ,2.8300
КРЕПОСТЬ,2.8300
УМЕНИЕ,2.8300
РАНИТЬ,2.8300
НЕБРЕЖНО,2.8300
ЭНЕРГИЧНЫЙ,2.8300
ПОДСКАЗАТЬ,2.8300
ВИСОК,2.8300
ГОЛУБЧИК,2.8300
ВОИНСКИЙ,2.8300
ОПРЕДЕЛЯТЬСЯ,2.8300
ЛАСКОВЫЙ,2.8300
МЕМ,2.8300
ПЕЧКА,2.8300
АНГЛИЯ,2.8300
ОБЪЯВЛЯТЬ,2.8300
ПРОТИВНЫЙ,2.8300
ВОЛНОВАТЬ,2.8300
РЕКОМЕНДОВАТЬ,2.8200
ОКОНЧИТЬ,2.8200
СПУСТИТЬ,2.8200
ЛЕНИВО,2.8200
УВЕЛИЧИВАТЬСЯ,2.8200
ВЕРОЯТНОСТЬ,2.8200
ВЫБРАСЫВАТЬ,2.8200
ПОСОВЕТОВАТЬ,2.8200
СОРВАТЬСЯ,2.8200
БУМАЖКА,2.8200
ПРОЖИВАТЬ,2.8200
НЕМАЛЫЙ,2.8200
ПОЛОСКА,2.8200
ГЛАДИТЬ,2.8200
РАЗМЫШЛЯТЬ,2.8200
ЛЮДСКОЙ,2.8200
ТОЛЬ,2.8200
СТАЛКЕР,2.8200
РАЗВЕРНУТЬСЯ,2.8200
ЗАСТАТЬ,2.8200
СГОРЕТЬ,2.8200
ПОМЕЩЕНИЕ,2.8200
ИЗОБРАЖЕНИЕ,2.8100
БЕЗОПАСНОСТЬ,2.8100
ВСЕОБЩИЙ,2.8100
ДОХОДИТЬ,2.8100
ФОРМИРОВАНИЕ,2.8100
ТОЩИЙ,2.8100
СЕКРЕТАРША,2.8100
КОТЕЛОК,2.8100
КОТЁЛ,2.8100
АКАДЕМИЯ,2.8100
ОБСУЖДЕНИЕ,2.8100
ДОВОЛЬНЫЙ,2.8100
БРОСАТЬСЯ,2.8100
ОБВИНЕНИЕ,2.8100
ЁЛКА,2.8100
ФАРА,2.8100
НАБЛЮДАТЬСЯ,2.8100
ЭТАКИЙ,2.8100
БЕСКОНЕЧНЫЙ,2.8100
НЕДАВНИЙ,2.8000
ВАЛЯТЬСЯ,2.8000
ПОДАТЬСЯ,2.8000
ОПРАВДЫВАТЬСЯ,2.8000
РАЗБИТЫЙ,2.8000
ШУМНЫЙ,2.8000
ОЧЕВИДНЫЙ,2.8000
МАГИЯ,2.8000
ТОРЧАТЬ,2.8000
ПОВЕРХНОСТЬ,2.8000
КОЛОТЬ,2.8000
ПРИБЛИЖАТЬСЯ,2.8000
НОГОТЬ,2.8000
СОВЕЩАНИЕ,2.8000
НЕВЫСОКИЙ,2.8000
СТРАТЕГИЧЕСКИЙ,2.8000
ОПРЕДЕЛЕНИЕ,2.8000
ПРИСЛУШАТЬСЯ,2.8000
ЖИЛЕЦ,2.8000
СОЗДАВАТЬСЯ,2.8000
ВЫРАЗИТЬСЯ,2.8000
СВЕТИЛО,2.8000
ЛАВИНА,2.8000
КОЛЛЕКЦИЯ,2.7900
ПОЛЗАТЬ,2.7900
ПОНИМАНИЕ,2.7900
ПРЕВРАЩАТЬСЯ,2.7900
СТЕСНЯТЬСЯ,2.7900
ФИЛОСОФИЯ,2.7900
УЛОВИТЬ,2.7900
РАССТАВИТЬ,2.7900
ВЫТАСКИВАТЬ,2.7900
ДЕЖУРИТЬ,2.7900
СЛУШАТЕЛЬ,2.7900
ШОРОХ,2.7900
НАМЕСТНИК,2.7900
ЗАВАЛИТЬ,2.7900
РАССТРЕЛЯТЬ,2.7900
ПОЭЗИЯ,2.7800
ФОТОГРАФИЯ,2.7800
ПОСЛЕДУЮЩИЙ,2.7800
СТАРИЧОК,2.7800
ПАЛУБА,2.7800
ПОКОЙНИК,2.7800
УГОВАРИВАТЬ,2.7800
ИЗЛОЖИТЬ,2.7800
ПОДДАВАТЬСЯ,2.7800
УСТАЛЫЙ,2.7800
ДАЛЕКИЙ,2.7800
ВЗДОХНУТЬ,2.7800
ПОДЛИННЫЙ,2.7800
ВЫДЕЛЯТЬСЯ,2.7800
КРОШЕЧНЫЙ,2.7800
ЦАРСТВО,2.7800
ВЫРАЖАТЬСЯ,2.7800
СЛАБОСТЬ,2.7800
ТЁТКА,2.7800
ПРЕМИЯ,2.7700
НАЧИНАТЬСЯ,2.7700
ХРАНИТЬСЯ,2.7700
ВЫРАЖЕННЫЙ,2.7700
НЕПОДВИЖНО,2.7700
ИНТЕРЕСОВАТЬСЯ,2.7700
ДОСТАТОЧНЫЙ,2.7700
СУСТАВ,2.7700
ТРАГЕДИЯ,2.7600
ЦЕННОСТЬ,2.7600
АДМИНИСТРАЦИЯ,2.7600
ПОТЯНУТЬ,2.7600
ТЕРРИТОРИЯ,2.7600
ФЕДЕРАЦИЯ,2.7600
ДОСАДА,2.7600
ЗАВИДОВАТЬ,2.7600
ПРОЯВЛЯТЬСЯ,2.7600
КУРА,2.7600
ХРОНИЧЕСКИЙ,2.7600
ОПУСТИТЬСЯ,2.7600
ШАГАТЬ,2.7600
ДОГАДЫВАТЬСЯ,2.7600
ПРИЖАТЬ,2.7600
ЗАГЛЯДЫВАТЬ,2.7600
МОЛЧАНИЕ,2.7500
ГОРДОСТЬ,2.7500
СОПРОТИВЛЕНИЕ,2.7500
ОГЛЯНУТЬСЯ,2.7500
ЗАНЯТЫЙ,2.7500
КОПЕЙКА,2.7500
ПЕРЕБИТЬ,2.7500
СОННЫЙ,2.7500
ПАРАДНЫЙ,2.7500
СОТРУДНИЧЕСТВО,2.7500
ТАБЛЕТКА,2.7500
ИЗЯЩНЫЙ,2.7500
СОХРАНЕНИЕ,2.7500
РАСПРОСТРАНЕНИЕ,2.7500
КОНЦЕПЦИЯ,2.7500
КОМСОМОЛ,2.7500
УЧЁТ,2.7500
ОТЕЧЕСТВЕННЫЙ,2.7500
ЗАКУРИТЬ,2.7400
СЖАТЬ,2.7400
ПОЛЗТИ,2.7400
ГЛАЗОК,2.7400
ЗАДЕРЖАТЬСЯ,2.7400
ПОСОЛЬСТВО,2.7400
ПРИНИМАТЬСЯ,2.7400
УЧЕНИЕ,2.7400
КРЕДИТНАЯ КАРТА,2.7400
ОГОНЁК,2.7400
ТРАДИЦИЯ,2.7400
ПОГЛАДИТЬ,2.7400
ЦЕПЛЯТЬСЯ,2.7400
ОТЧАЯННЫЙ,2.7400
ГРОЗИТЬ,2.7400
ПРОИЗВЕДЕНИЕ,2.7400
САНТИМЕТР,2.7400
КОТЁНОК,2.7400
ИСКРЕННИЙ,2.7400
РАЗЛОЖИТЬ,2.7400
СВИДЕТЕЛЬСТВОВАТЬ,2.7400
НАСТУПЛЕНИЕ,2.7300
ТРЕБОВАНИЕ,2.7300
ВИНОВНЫЙ,2.7300
ОСВОБОЖДЕНИЕ,2.7300
ПОВЯЗКА,2.7300
СКАТЕРТЬ,2.7300
УМОЛЯТЬ,2.7300
НЕЛЕПЫЙ,2.7300
ПОДАВЛЯТЬ,2.7300
СТРУЯ,2.7300
ПОНЯТНЫЙ,2.7300
НУЖДАТЬСЯ,2.7300
ПРЕДСТОЯЩИЙ,2.7300
ОТКРОВЕННЫЙ,2.7300
КРИКНУТЬ,2.7200
МИНОВАТЬ,2.7200
ПРИКРЫВАТЬ,2.7200
ТАЯТЬ,2.7200
ПОРАЖАТЬ,2.7200
НЕЗАВИСИМОСТЬ,2.7200
ВЫТИРАТЬ,2.7200
ПАХНУТЬ,2.7200
ПОМОЛЧАТЬ,2.7200
ПРОПАДАТЬ,2.7200
ВРЕДНЫЙ,2.7200
СНЯТОЙ,2.7200
СЛОЖИТЬСЯ,2.7200
ПОСЁЛОК,2.7200
СОБСТВЕННОСТЬ,2.7100
ДРОЖАТЬ,2.7100
КОСТЬ,2.7100
ПРЕДУПРЕЖДАТЬ,2.7100
БОЦМАН,2.7100
БЕСЕДОВАТЬ,2.7100
ПРЕСТУПНЫЙ,2.7100
ПРОБЕЖАТЬ,2.7100
РАСХОДИТЬСЯ,2.7100
РЕЗИНОВЫЙ,2.7100
КОПЬЁ,2.7100
БЕТОННЫЙ,2.7100
СЪЁМКА,2.7100
КУСТАРНИК,2.7100
РАСПОЛАГАТЬСЯ,2.7100
ПРИСЛУШИВАТЬСЯ,2.7100
ПИЛИТЬ,2.7100
РЕЛИГИЯ,2.7100
РЕВЕТЬ,2.7000
ГЛУХО,2.7000
ВИНОВАТО,2.7000
ТЯНУТЬСЯ,2.7000
СИЯТЬ,2.7000
ТОЛКНУТЬ,2.7000
ИСПЫТАНИЕ,2.7000
ПЛЁНКА,2.7000
ПЫШНЫЙ,2.7000
СПАСЕНИЕ,2.7000
ПОДЪЕХАТЬ,2.7000
КАМПАНИЯ,2.7000
НОМЕНКЛАТУРА,2.7000
ЗАБРОСИТЬ,2.7000
ДЕШЁВЫЙ,2.7000
ЛИСТВА,2.6900
ШИНЕЛЬ,2.6900
ОГРАДА,2.6900
РЖАВЫЙ,2.6900
ТРАГИЧЕСКИЙ,2.6900
РЕАЛИЗАЦИЯ,2.6900
ГРУЗИЯ,2.6900
ДВАДЦАТЫЙ,2.6900
ВЕЩЕСТВО,2.6900
ОПУСКАТЬСЯ,2.6900
ПРОХЛАДНЫЙ,2.6900
СЛЮНА,2.6900
ПРИЛЕТЕТЬ,2.6900
ЗАПЕРЕТЬ,2.6900
ПРОГЛОТИТЬ,2.6800
СВИДАНИЕ,2.6800
РАЗВИТЫЙ,2.6800
НИТКА,2.6800
ПОГОН,2.6800
ВОПЛЬ,2.6800
ОКРАИНА,2.6800
СУНУТЬ,2.6800
ДВИНУТЬСЯ,2.6800
ЗАВЕРНУТЬ,2.6800
РЕБЯТИШКИ,2.6800
ОКУРОК,2.6800
ХЛОПАТЬ,2.6800
СЕРДИТЬСЯ,2.6800
ТЕНДЕНЦИЯ,2.6800
АССОЦИАЦИЯ,2.6800
ВОСПИТАНИЕ,2.6800
ЖЕНИТЬ,2.6800
ГРОМАДНЫЙ,2.6800
СКАМЕЙКА,2.6700
ПРИГЛАШЕНИЕ,2.6700
УЧРЕЖДЕНИЕ,2.6700
ТЕЛЕВИДЕНИЕ,2.6700
ОСНОВАНИЕ,2.6700
УВЕРЕННОСТЬ,2.6700
ЗАВИСИМОСТЬ,2.6700
СТРЕМЛЕНИЕ,2.6700
ВООРУЖЕНИЕ,2.6700
КОЛЮЧИЙ,2.6700
ФАЛЬШИВЫЙ,2.6700
ДОКЛАДЫВАТЬ,2.6700
ПЯТОК,2.6700
ВОССТАНОВЛЕНИЕ,2.6700
ОТСТАТЬ,2.6700
ПОВЕРНУТЬСЯ,2.6600
СОЧИНЕНИЕ,2.6600
УСПОКАИВАТЬ,2.6600
ВЫЛЕЗАТЬ,2.6600
ИСПУГ,2.6600
ВЫДУМАТЬ,2.6600
ПРИШЕЛЕЦ,2.6600
ПРОВОЛОКА,2.6600
ПРИКАЗАТЬ,2.6600
ЗВОНКИЙ,2.6600
СУДОРОЖНО,2.6600
ПРИДАВАТЬ,2.6600
ЗАПЛАКАТЬ,2.6600
ОБЪЯСНЕНИЕ,2.6500
НАПРЯЖЕНИЕ,2.6500
НЕДОВОЛЬНЫЙ,2.6500
ИСКЛЮЧЕНИЕ,2.6500
ОБЪЯВЛЕНИЕ,2.6500
БОЛЕЗНЕННЫЙ,2.6500
КАБЛУК,2.6500
ПОВТОРЯТЬСЯ,2.6500
ПРЕИМУЩЕСТВО,2.6500
ПОЛУЧАТЬСЯ,2.6500
СВЕТИТЬСЯ,2.6500
ТРОНУТЬ,2.6500
ГЛУПОСТЬ,2.6500
РАВНОДУШНО,2.6500
УРОНИТЬ,2.6500
ПРЕЗИРАТЬ,2.6500
ОТВРАТИТЕЛЬНЫЙ,2.6500
ДЕМОНСТРИРОВАТЬ,2.6500
ПРИПОМНИТЬ,2.6500
РАСПОРЯЖЕНИЕ,2.6500
ОТРАЖЕНИЕ,2.6500
ВИДЕНИЕ,2.6400
ВИДИМЫЙ,2.6400
РОЖДЕНИЕ,2.6400
ПРОСТОРНЫЙ,2.6400
ПЛЕННЫЙ,2.6400
ДЫМОК,2.6400
САНИТАР,2.6400
РУХНУТЬ,2.6400
ЛЕКАРСТВО,2.6400
КРУТИТЬСЯ,2.6400
КОНЧИТЬСЯ,2.6400
ОТКРЫВАТЬСЯ,2.6400
ВОРВАТЬСЯ,2.6400
АЗИЯ,2.6400
АРТИЛЛЕРИЙСКИЙ,2.6400
ПРОВАЛИТЬСЯ,2.6400
ЗАДУМЧИВО,2.6400
ТЕРПЕНИЕ,2.6300
СОВЕТОВАТЬ,2.6300
РАСПОЛОЖИТЬ,2.6300
УДАВ,2.6300
КОМСОМОЛЬСКИЙ,2.6300
ОБЪЯСНЯТЬСЯ,2.6300
СОДЕРЖАТЬСЯ,2.6300
СБЕГАТЬ,2.6300
ТЕЛЕГА,2.6300
НАТЯНУТЬ,2.6300
ОСМАТРИВАТЬ,2.6300
ЗДЕШНИЙ,2.6300
ИМПЕРИЯ,2.6300
ПРОМЫШЛЕННОСТЬ,2.6300
ЗРЕНИЕ,2.6200
ВЫНУЖДЕННЫЙ,2.6200
СРАВНЕНИЕ,2.6200
АВИАЦИЯ,2.6200
ЗЛОВЕЩИЙ,2.6200
ХОХОТ,2.6200
ВОЗВРАТИТЬСЯ,2.6200
ЮНОСТЬ,2.6200
ПОКЛОНИТЬСЯ,2.6200
ОСВЕТИТЬ,2.6200
ЗАКЛЮЧАТЬСЯ,2.6200
РАСПОЛОЖЕНИЕ,2.6200
СОМНЕНИЕ,2.6200
ПОГЛЯДЕТЬ,2.6200
СОПРОВОЖДАТЬСЯ,2.6200
ЗНАКОМСТВО,2.6100
ГОТОВНОСТЬ,2.6100
ТЕСНЫЙ,2.6100
ТУСКЛЫЙ,2.6100
МУЖЕСТВО,2.6100
СЛАТЬ,2.6100
ЩЕКА,2.6100
ПООБЕЩАТЬ,2.6100
ПУЛЕМЁТ,2.6100
РАСТЕНИЕ,2.6100
ВЕСЛО,2.6100
СКЛАДЫВАТЬСЯ,2.6100
ПРЕБЫВАТЬ,2.6100
СОСРЕДОТОЧИТЬ,2.6100
КАТЕГОРИЯ,2.6100
ПОДХВАТИТЬ,2.6000
ВЗОРВАТЬСЯ,2.6000
СОГЛАСНЫЙ,2.6000
ПОСТОРОННИЙ,2.6000
ОКОП,2.6000
БОГАТСТВО,2.6000
СПРЫГНУТЬ,2.6000
ИНТЕЛЛЕКТУАЛЬНЫЙ,2.6000
СУЩНОСТЬ,2.5900
НЕНУЖНЫЙ,2.5900
ОБЕЩАНИЕ,2.5900
ОТРЫВАТЬ,2.5900
ИЗДАТЕЛЬСТВО,2.5900
ПСИХОЛОГИЯ,2.5900
МГНОВЕНИЕ,2.5900
МИЛИЦИЯ,2.5900
НЕПОНЯТНЫЙ,2.5900
ОГЛЯДЫВАТЬСЯ,2.5900
ВОНЮЧИЙ,2.5900
ФАШИСТСКИЙ,2.5900
ОППОЗИЦИЯ,2.5900
ПОМЕРЕТЬ,2.5800
ПОПЕРЁК,2.5800
ПАДАЛЬ,2.5800
ПРАВИТЕЛЬСТВЕННЫЙ,2.5800
ЗАТЯНУТЬСЯ,2.5800
ЛЁТЧИК,2.5800
ЗАКРИЧАТЬ,2.5800
МОЛНИЯ,2.5700
ЗАКЛЮЧЁННЫЙ,2.5700
БЕСШУМНО,2.5700
СПИНКА,2.5700
НАБЛЮДЕНИЕ,2.5700
СПИЧКА,2.5700
МОЛЧАЛИВЫЙ,2.5700
КРОХОТНЫЙ,2.5700
ВНИМАТЕЛЬНЫЙ,2.5700
НЕЗНАЧИТЕЛЬНЫЙ,2.5700
БРОСИТЬСЯ,2.5700
ОСТОРОЖНЫЙ,2.5700
ВЕКО,2.5700
ОФИЦЕРСКИЙ,2.5700
ОБЛОМОК,2.5700
КРЕСТЬЯНСКИЙ,2.5700
МАХНУТЬ,2.5600
МЕТАТЬСЯ,2.5600
СПАЛИТЬ,2.5600
НЕДОВОЛЬНО,2.5600
СТАРЕНЬКИЙ,2.5600
ПРОМОЛЧАТЬ,2.5600
РУБАХА,2.5600
ПУСТЫННЫЙ,2.5600
ОБЪЕКТИВНЫЙ,2.5600
ПРОСИДЕТЬ,2.5600
ЗРАЧОК,2.5600
ТРЯСТИСЬ,2.5500
БЛАГОДАРНОСТЬ,2.5500
ЖИДКОСТЬ,2.5500
КОМАНДОВАНИЕ,2.5500
ПОСЛЕДСТВИЕ,2.5500
НАПРАВИТЬСЯ,2.5500
СОЕДИНЕНИЕ,2.5500
ДОКАЗАТЕЛЬСТВО,2.5500
ПОДОКОННИК,2.5500
ВЫПАСТЬ,2.5500
СООБРАЗИТЬ,2.5500
ПОПАСТЬСЯ,2.5500
ТЁЩА,2.5500
УДАЛЯТЬСЯ,2.5500
ПОГРУЗИТЬ,2.5500
СНИТЬСЯ,2.5500
МУТНЫЙ,2.5500
ЧЕЧЕНСКИЙ,2.5500
ШЁПОТ,2.5500
ПОЗДРАВЛЯТЬ,2.5400
РАЗДАВИТЬ,2.5400
ШЕВЕЛИТЬСЯ,2.5400
МАЛЕЙШИЙ,2.5400
СЕРДИТО,2.5400
СОХРАНИТЬСЯ,2.5400
ПОДОЗРИТЕЛЬНЫЙ,2.5400
УТРАТИТЬ,2.5400
ЗДОРОВЕННЫЙ,2.5400
ПРЕДСТАВИТЬСЯ,2.5400
МУДРОСТЬ,2.5400
ЗАВЕДЕНИЕ,2.5400
СЫТЫЙ,2.5400
РЕДКОСТЬ,2.5400
НЫРНУТЬ,2.5400
НАБИТЫЙ,2.5400
ОТВЕРНУТЬСЯ,2.5400
ПРОЧИЙ,2.5300
ГОСТИНЫЙ,2.5300
ДРОВОСЕК,2.5300
УТВЕРЖДЕНИЕ,2.5300
КОНСТРУКЦИЯ,2.5300
ПОСЛУШНО,2.5300
ГОВОРИТЬСЯ,2.5300
СТАЛИНСКИЙ,2.5300
МИЛОСТЬ,2.5300
МИСКА,2.5300
ЛИЛОВЫЙ,2.5300
ВЕЩИЙ,2.5300
ДОСТОИНСТВО,2.5200
УНИЧТОЖЕНИЕ,2.5200
КАТИТЬСЯ,2.5200
ДОЛЖНЫЙ,2.5200
НАЙТИСЬ,2.5200
ВЫТЕРЕТЬ,2.5200
СЖИМАТЬ,2.5200
ТРОПИНКА,2.5200
ПОВОРАЧИВАТЬ,2.5200
РВАНУТЬ,2.5200
ЧУДОВИЩНЫЙ,2.5200
ВОЗГЛАВЛЯТЬ,2.5200
ЧЕЛОВЕЧЕСТВО,2.5100
ПРОИСХОЖДЕНИЕ,2.5100
УСПЕВАТЬ,2.5100
ПЕРЧАТКА,2.5100
ЯРОСТЬ,2.5100
АККУРАТНЫЙ,2.5100
ОКОНЧАНИЕ,2.5100
ПОПАДАТЬСЯ,2.5100
УДИВЛЕННО,2.5100
ДЕЛЕГАЦИЯ,2.5100
ОТОДВИНУТЬ,2.5100
ЗАЖАТЬ,2.5100
ДО СВИДАНИЯ,2.5100
ВАЙ-ФАЙ,2.5100
БАШМАК,2.5000
СТОНАТЬ,2.5000
ИЗВИНИТЬ,2.5000
УДИВЛЕНИЕ,2.5000
ВЫСКОЧИТЬ,2.5000
РАЗЛИЧНЫЙ,2.5000
ПРАВЛЕНИЕ,2.5000
ВЫНИМАТЬ,2.5000
КЛОК,2.5000
НЕХОРОШИЙ,2.5000
СТРОЙНЫЙ,2.5000
ЛАБОРАТОРИЯ,2.5000
КОММУНИСТИЧЕСКИЙ,2.5000
ПРОТИВОПОЛОЖНЫЙ,2.5000
ДОПУСТИМЫЙ,2.5000
ПОТРЕБНОСТЬ,2.5000
ОСОБЕННОСТЬ,2.4900
ДЕЛАТЬСЯ,2.4900
ОБЯЗАННОСТЬ,2.4900
ЧЁТКИЙ,2.4900
ИСПУГАННЫЙ,2.4900
СОЛОМА,2.4900
ПОИНТЕРЕСОВАТЬСЯ,2.4900
ОТСУТСТВОВАТЬ,2.4800
МОЛОДОСТЬ,2.4800
ЗАДЫХАТЬСЯ,2.4800
ПОЛОЖЕННЫЙ,2.4800
ОЖИДАНИЕ,2.4800
УКАЗАНИЕ,2.4800
ПРЕДПОЛОЖЕНИЕ,2.4800
ПОТРЕБОВАТЬСЯ,2.4800
ПОДРАЗДЕЛЕНИЕ,2.4800
ПОЗДОРОВАТЬСЯ,2.4800
НАЛИВАТЬ,2.4800
ВЕРТЕТЬСЯ,2.4800
ВАЛЕНОК,2.4800
ФИНЛЯНДИЯ,2.4800
СОЛДАТИК,2.4800
СБОРНЫЙ,2.4800
КОМАНДИРОВКА,2.4800
ПУШОК,2.4800
НЕВРОЗ,2.4800
НАЦИЯ,2.4700
СВИДЕТЕЛЬСТВО,2.4700
ПРИЛАВОК,2.4700
ЗАДЕРЖИВАТЬСЯ,2.4700
КОЙКА,2.4700
УСТАТЬ,2.4700
ВНЕШНОСТЬ,2.4700
МЕЛОДИЯ,2.4700
ТВОРИТЬСЯ,2.4700
УГРЮМЫЙ,2.4700
ПИАНИСТКА,2.4700
ПОТНЫЙ,2.4700
СПРАВЕДЛИВОСТЬ,2.4700
ЛОПНУТЬ,2.4600
СОЦИАЛИСТИЧЕСКИЙ,2.4600
ОКРУЖЕНИЕ,2.4600
ЧЕЧЕНЕЦ,2.4600
НРАВСТВЕННЫЙ,2.4600
ПОДНЕСТИ,2.4600
БЕССМЫСЛЕННЫЙ,2.4600
КОРПОРАЦИЯ,2.4600
РАСПОРЯДИТЬСЯ,2.4600
НАРАСТАТЬ,2.4600
ФУРАЖКА,2.4600
СРАЖЕНИЕ,2.4600
ТВЕРДИТЬ,2.4600
ОКРУЖАТЬ,2.4500
ПРЕДУПРЕЖДЕНИЕ,2.4500
СВОЙСТВО,2.4500
ДЕМОКРАТИЯ,2.4500
РАСПОЛАГАТЬ,2.4500
ГАЗЕТНЫЙ,2.4500
КИВАТЬ,2.4500
УСТАЛОСТЬ,2.4500
СЕМЕЙСТВО,2.4500
ОБИДЕТЬСЯ,2.4500
НЕОБЫКНОВЕННЫЙ,2.4500
НЕПОСРЕДСТВЕННЫЙ,2.4400
СООБРАЖАТЬ,2.4400
ПОТРЯСТИ,2.4400
ВЕРЁВКА,2.4400
ВИТРИНА,2.4400
РАССПРАШИВАТЬ,2.4400
КРУЖИТЬСЯ,2.4400
ЗАСТРЯТЬ,2.4400
НЕИЗБЕЖНЫЙ,2.4400
СЛОЖНОСТЬ,2.4400
ВОРЧАТЬ,2.4400
СМУЩЕННО,2.4400
СОРЕВНОВАНИЕ,2.4300
СОЛДАТСКИЙ,2.4300
ПОЧЁТНЫЙ,2.4300
ИЗУМРУДНЫЙ,2.4300
ШЕВЕЛИТЬ,2.4300
СТРАЖНИК,2.4300
ПРОФЕССИЯ,2.4300
МОЧЬ,2.4300
УДИВИТЬСЯ,2.4300
ОТЧЁТЛИВО,2.4300
МЧАТЬСЯ,2.4300
МЕСТНОСТЬ,2.4300
РОЖДАТЬСЯ,2.4300
СОСЛАТЬСЯ,2.4300
ТКНУТЬ,2.4300
ЗЛОСТЬ,2.4300
ДИВИЗИЯ,2.4300
РАЗГЛЯДЫВАТЬ,2.4200
ШЕПТАТЬ,2.4200
ИСПУГАТЬСЯ,2.4200
ВЕЛИЧЕСТВО,2.4200
РЮМКА,2.4200
ТОЧНОСТЬ,2.4200
ПЕРЕБИРАТЬ,2.4200
СООРУЖЕНИЕ,2.4200
ПОСЕЩЕНИЕ,2.4200
ДОСТАТЬСЯ,2.4200
РВАТЬСЯ,2.4200
КАЮТА,2.4100
ПОБЕЖАТЬ,2.4100
БАГРОВЫЙ,2.4100
ПУБЛИКАЦИЯ,2.4100
ОТМЕЧАТЬСЯ,2.4100
ПРИХВАТИТЬ,2.4100
СЛАВКА,2.4100
ГОРОЖАНИН,2.4100
СТРИНГИ,2.4100
СКАМЬЯ,2.4000
ЗАБОЛЕВАНИЕ,2.4000
ИРОНИЯ,2.4000
КАЧАТЬСЯ,2.4000
СТИХОТВОРЕНИЕ,2.4000
ИНТЕРЕСОВАТЬ,2.4000
ШАГНУТЬ,2.4000
ПУГОВИЦА,2.4000
КАСТРЮЛЯ,2.4000
ВЫБЕЖАТЬ,2.4000
ОКРУЖАЮЩЕЕ,2.3900
СМЕТЬ,2.3900
ПРЕБЫВАНИЕ,2.3900
ОТКЛИКНУТЬСЯ,2.3900
СОЛЁНЫЙ,2.3900
ФАНТАЗИЯ,2.3900
ВООБРАЖЕНИЕ,2.3900
ЛЕКЦИЯ,2.3900
ПОСТОЯЛЫЙ,2.3800
УЦЕЛЕТЬ,2.3800
ОБОРВАТЬ,2.3800
НАТКНУТЬСЯ,2.3800
ЗАКУСИТЬ,2.3800
СТУКНУТЬ,2.3800
ДВЕРЦА,2.3800
ПОШЛЫЙ,2.3700
БЕСПОКОЙСТВО,2.3700
НАПРАВЛЯТЬСЯ,2.3700
СКЛОННЫЙ,2.3700
СОМНИТЕЛЬНЫЙ,2.3700
РЁВ,2.3700
СКОЛЬЗИТЬ,2.3700
ИСПУГАННО,2.3700
НАМЕРЕНИЕ,2.3700
ЗАМЕЧАНИЕ,2.3600
ВЕРАНДА,2.3600
ПРИЖАТЬСЯ,2.3600
СТУПЕНЬКА,2.3600
ХЛОПНУТЬ,2.3500
ЭКСПЕДИЦИЯ,2.3500
ПЕНСИЯ,2.3500
ИНТЕЛЛИГЕНТ,2.3500
БЛИЗОСТЬ,2.3400
СПАРЖА,2.3400
ВЛЮБЛЁННЫЙ,2.3400
КОНФЕТА,2.3400
ЭСТОНИЯ,2.3400
УВЕРЯТЬ,2.3300
ОБРУШИТЬСЯ,2.3300
КАЛИТКА,2.3300
ЖАЛОСТЬ,2.3300
АУДИТОРИЯ,2.3300
ПОСТУЧАТЬ,2.3300
ВЗДЫХАТЬ,2.3200
РАЗНООБРАЗНЫЙ,2.3200
ОБРАЗОВАТЬСЯ,2.3200
СДЕЛАТЬСЯ,2.3200
ПОВЕЗТИ,2.3100
ПРИЁМНЫЙ,2.3100
ПОДОЗРЕНИЕ,2.3100
ИНСТРУКЦИЯ,2.3100
ЗЛАТО,2.3100
ПЕРЕБИВАТЬ,2.3100
СВАЛИТЬСЯ,2.3100
БИОГРАФИЯ,2.3100
ИДЕОЛОГИЯ,2.3100
ПРОБИРАТЬСЯ,2.3100
РАЙКОМ,2.3100
ОЧНУТЬСЯ,2.3000
НАЧАЛЬСТВО,2.3000
ТЕМНЕТЬ,2.3000
ИНТЕЛЛИГЕНТНЫЙ,2.3000
РАЗМАХИВАТЬ,2.3000
БОСОЙ,2.3000
ИДЕОЛОГИЧЕСКИЙ,2.3000
СКЛАДКА,2.3000
КАЗАРМА,2.3000
СТУПАТЬ,2.3000
ГЕТЕРО,2.3000
ОДИНОЧЕСТВО,2.2900
ПРИПОДНЯТЬ,2.2900
ПОСПЕШИТЬ,2.2900
ПОРУЧЕНИЕ,2.2900
ЗЕМЛЯНКА,2.2900
ТРЕЩАТЬ,2.2900
САЗАН,2.2900
НЕГРОМКО,2.2800
ВСПЫХНУТЬ,2.2800
ПРОЗВУЧАТЬ,2.2800
ОЧУТИТЬСЯ,2.2800
КОРТОЧКИ,2.2700
ЗВЕНЕТЬ,2.2700
ОБИТАТЕЛЬ,2.2700
ОБЪЯТИЕ,2.2700
ПЫЛЬНЫЙ,2.2700
ЧУЖДЫЙ,2.2700
СТОЛОВЫЙ,2.2600
ЗАКАНЧИВАТЬСЯ,2.2600
ПОДТВЕРЖДАТЬ,2.2600
ПРОЯВЛЕНИЕ,2.2600
НЕСТИСЬ,2.2600
ВЕДАТЬ,2.2600
СВЕРКАЮЩИЙ,2.2600
ЗАПЕТЬ,2.2600
САМОУБИЙСТВО,2.2600
ВИДИМОСТЬ,2.2600
ПАРЕНЁК,2.2600
ПРОСТЫНЯ,2.2500
СЛУЧАТЬСЯ,2.2500
БЕСПОМОЩНЫЙ,2.2500
КИПЕТЬ,2.2500
ОПОМНИТЬСЯ,2.2500
МАЛОСТЬ,2.2500
УГРОЖАЮЩИЙ,2.2500
ВОЛНЕНИЕ,2.2400
ПРОЩЕНИЕ,2.2400
ОТКИНУТЬ,2.2400
НОЗДРЯ,2.2400
ИХНИЙ,2.2400
ПЕРЕКРЁСТОК,2.2400
ПОМАХАТЬ,2.2400
КЛЯСТЬСЯ,2.2300
ХОХОТАТЬ,2.2300
СТАРОСТЬ,2.2300
ЗЕМЛЯНИН,2.2300
ВОДИТЬСЯ,2.2200
ВРАЖДЕБНЫЙ,2.2200
ОКАЗЫВАТЬСЯ,2.2200
КАТИТЬ,2.2200
ВЕДОМСТВО,2.2200
ПРИКАЗЫВАТЬ,2.2100
БЛАГОДАРНЫЙ,2.2100
ИЗЛИШНИЙ,2.2100
НАДОЕСТЬ,2.2000
ОПРОКИНУТЬ,2.2000
ТОРЖЕСТВО,2.2000
УПИРАТЬСЯ,2.2000
БОЛТАТЬСЯ,2.2000
НЕВЫНОСИМЫЙ,2.1900
ВИНОВАТЫЙ,2.1900
ПРИЖИМАТЬ,2.1900
ЛАГЕРНЫЙ,2.1800
ВОЗНИКНОВЕНИЕ,2.1800
ПРИКЛЮЧЕНИЕ,2.1800
КОММУНИЗМ,2.1800
ГУДЕТЬ,2.1800
ВОЗБУЖДЕНИЕ,2.1800
ВЫГЛЯНУТЬ,2.1700
ДАВАТЬСЯ,2.1700
СМУГЛЫЙ,2.1700
ПРЕДСТАВЛЯТЬСЯ,2.1700
ОБЛЕГЧЕНИЕ,2.1600
ЦИВИЛИЗАЦИЯ,2.1500
ШВЫРНУТЬ,2.1500
ПОВОРАЧИВАТЬСЯ,2.1500
СОЦИАЛИЗМ,2.1500
ВОСПОМИНАНИЕ,2.1400
ШЁЛКОВЫЙ,2.1400
СВЕРКАТЬ,2.1400
ПРИСУТСТВУЮЩИЙ,2.1400
ПРИХОЖАЯ,2.1300
ПСИХИЧЕСКИЙ,2.1300
РОСЛЫЙ,2.1300
АРТИЛЛЕРИЯ,2.1300
ПОЛОСТЬ,2.1300
ПРОВИНЦИЯ,2.1300
БЕРЁЗА,2.1300
УДОСТОВЕРЕНИЕ,2.1300
ЭСКАЛАТОР,2.1300
НЕВОЗМОЖНЫЙ,2.1200
ПРИОТКРЫТЬ,2.1200
ОТВРАЩЕНИЕ,2.1200
БОЧОК,2.1200
ВЦЕПИТЬСЯ,2.1200
ТРОНУТЬСЯ,2.1200
СЛУЧАЙНОСТЬ,2.1100
ВЕРСТА,2.1100
МИЛИЦЕЙСКИЙ,2.1100
УДОВЛЕТВОРЕНИЕ,2.1100
ВСКОЧИТЬ,2.1100
ЗАМЕРЕТЬ,2.1100
ИМЕТЬСЯ,2.1000
РЕШЁТКА,2.1000
СХВАТИТЬСЯ,2.1000
НАСЛАЖДЕНИЕ,2.1000
РАВНОДУШНЫЙ,2.1000
ВЫХВАТИТЬ,2.1000
МНОГОЧИСЛЕННЫЙ,2.1000
ВООРУЖЁННЫЙ,2.1000
СПЕЦИАЛЬНОСТЬ,2.0900
НЕЖНОСТЬ,2.0900
ЛЮБОПЫТСТВО,2.0900
ОТОЗВАТЬСЯ,2.0900
ВООБРАЖАТЬ,2.0900
НЕВЕДОМЫЙ,2.0900
НАПРЯЖЁННЫЙ,2.0800
ТУФЛЯ,2.0800
ПОРЦИЯ,2.0800
ЗАДРАТЬ,2.0800
МУЧИТЕЛЬНЫЙ,2.0800
РАСТЕРЯТЬ,2.0800
КОПЫТО,2.0700
СОЖАЛЕНИЕ,2.0700
ОБСТОЯТЕЛЬСТВО,2.0700
ДРЕМАТЬ,2.0700
РАСКРЫТЫЙ,2.0700
РАССТРОЙСТВО,2.0700
ТУМБОЧКА,2.0600
МЕЛЬКАТЬ,2.0600
РАЗНОЦВЕТНЫЙ,2.0600
ТОНЕНЬКИЙ,2.0600
НЕЯСНЫЙ,2.0500
РАЗДРАЖЕНИЕ,2.0500
НЕПОДВИЖНЫЙ,2.0500
РАЗДАВАТЬСЯ,2.0500
НЕТЕРПЕЛИВЫЙ,2.0400
КИВНУТЬ,2.0400
ЛЫЖА,2.0400
МАТЕРИЯ,2.0400
СВОЙСТВЕННЫЙ,2.0400
НЕДОУМЕНИЕ,2.0400
ГРЕМЕТЬ,2.0400
ВОСПАЛЕНИЕ,2.0300
УСМЕШКА,2.0300
СТРАДАНИЕ,2.0200
НАГНУТЬСЯ,2.0200
ВОСХИЩЕНИЕ,2.0200
БЛЕСТЕТЬ,2.0200
ОБОРАЧИВАТЬСЯ,2.0100
НЕПРИВЫЧНЫЙ,2.0100
ЧУЯТЬ,2.0100
ОГЛЯДЕТЬСЯ,2.0100
НЕУВЕРЕННЫЙ,2.0100
СЛЫХАТЬ,2.0000
ВПОЛГОЛОСА,2.0000
БЕЗОБЛАЧНО,2.0000
ЗАОРАТЬ,2.0000
РАССЫПАТЬСЯ,2.0000
УДИВЛЕННЫЙ,1.9900
КАПИТАЛИЗМ,1.9900
УБЕЖДЕНИЕ,1.9800
РАСТЕРЯННО,1.9800
ПОКАЧАТЬ,1.9700
СКРИПЕТЬ,1.9700
ПРОШЕПТАТЬ,1.9700
ПРИНЯТЬСЯ,1.9700
ЗАНАВЕСКА,1.9600
БОРМОТАТЬ,1.9500
ПРОГОВОРИТЬ,1.9400
ВЕЛЕТЬ,1.9400
ЛИШЁННЫЙ,1.9300
СКЛОНИТЬСЯ,1.9300
РАСПАХНУТЬ,1.9300
СПАСТЬ,1.9300
НАКЛОНИТЬСЯ,1.9200
ПОГАСНУТЬ,1.9200
НАСТАТЬ,1.9200
НАСМЕШЛИВО,1.9200
ЗАСМЕЯТЬСЯ,1.9100
РАССТЕГНУТЬ,1.9100
ОБХВАТИТЬ,1.9100
РАССМЕЯТЬСЯ,1.9000
ДАБА,1.9000
КИНУТЬСЯ,1.9000
ЗАМЁРЗНУТЬ,1.9000
ПРЕЗРЕНИЕ,1.9000
ОВЕРДРАФТ,1.8900
МОЛОДЕНЬКИЙ,1.8900
ОБЯЗАННЫЙ,1.8800
УПЕРЕТЬСЯ,1.8700
ТАБУРЕТКА,1.8700
ТРУДНОСТЬ,1.8600
СМУТНЫЙ,1.8600
НАЦИОНАЛЬНОСТЬ,1.8600
ПОТЯНУТЬСЯ,1.8500
ЖАЛИТЬ,1.8400
ДЁРГАТЬ,1.8400
ПРЕДПОЧИТАТЬ,1.8300
СМОЧЬ,1.8300
СВЕДЕНИЕ,1.8300
СИОНИСТ,1.8300
ГЕККОН,1.8300
ПОДЧИНЁННЫЙ,1.8300
ВОЗМУТИТЬСЯ,1.8300
ПРОТЯГИВАТЬ,1.8300
НЕОПРЕДЕЛЁННЫЙ,1.8300
ХОТЕТЬСЯ,1.8200
ЗАСТЫТЬ,1.8200
ПОПЛЫТЬ,1.8100
ВОСКЛИКНУТЬ,1.8100
ПОВИСНУТЬ,1.8100
КОНЧАТЬСЯ,1.8100
ТРАНШЕЯ,1.8000
ПРИБЕЖАТЬ,1.7900
РИНУТЬСЯ,1.7800
РАСТЕРЯТЬСЯ,1.7800
ВЗДРОГНУТЬ,1.7800
СТАРАТЕЛЬНЫЙ,1.7700
УСЕСТЬСЯ,1.7700
ДОНОСИТЬСЯ,1.7700
МАСТЕРСКИЙ,1.7700
ПЕРЕСТАВАТЬ,1.7700
ДЕЙСТВИТЕЛЬНОСТЬ,1.7700
НЕТОРОПЛИВЫЙ,1.7500
ВЫЯСНИТЬСЯ,1.7500
ТРЕБОВАТЬСЯ,1.7400
ПРИЙТИСЬ,1.7300
ВГЛЯДЫВАТЬСЯ,1.7300
ВЫСУНУТЬСЯ,1.7300
НЕОЖИДАННОСТЬ,1.7200
ДЫМИТЬСЯ,1.7200
ОТКИНУТЬСЯ,1.7200
ПОЛЕЗТЬ,1.7200
СЛЫШНЫЙ,1.7200
ПОКРАСНЕТЬ,1.7100
ЧУВСТВОВАТЬСЯ,1.7100
ШЕПНУТЬ,1.7100
РАССУЖДЕНИЕ,1.7100
СТИСНУТЬ,1.7100
ГОДИТЬСЯ,1.7000
ПОГЛЯДЫВАТЬ,1.7000
ВЗДРАГИВАТЬ,1.7000
УДАТЬСЯ,1.7000
ВЫПРЯМИТЬСЯ,1.6900
ИНТЕЛЛИГЕНЦИЯ,1.6900
ДРОГНУТЬ,1.6800
НАМЕРЕННЫЙ,1.6800
РАЦИЯ,1.6800
НЕПРИЯТНОСТЬ,1.6800
ОБОЧИНА,1.6700
ЭМОЦИЯ,1.6600
ПОДБЕЖАТЬ,1.6600
РАЗВАЛИНА,1.6500
ЛЁТ,1.6500
РАССЕРДИТЬСЯ,1.6500
МАТЁРЫЙ,1.6400
МЕРЦАТЬ,1.6400
ПОТАЩИТЬ,1.6300
ПОДМИГНУТЬ,1.6200
УДАВАТЬСЯ,1.6100
ТОРОПЛИВЫЙ,1.6000
УБЕЖДЁННЫЙ,1.6000
ЗАДУМАТЬ,1.5900
ПРЕТЕНЗИЯ,1.5900
ОБРАДОВАТЬСЯ,1.5800
ПРИШЛЫЙ,1.5800
ОСЛОЖНЕНИЕ,1.5600
РАЗМЫШЛЕНИЕ,1.5500
СНИСХОДИТЕЛЬНЫЙ,1.5500
ЗАРАСТИ,1.5500
ОСВЕДОМИТЬСЯ,1.5400
СЛИЗИСТЫЙ,1.5400
НЕДАЛЁКИЙ,1.5400
ДЁРНУТЬ,1.5400
ПРЕЗРИТЕЛЬНЫЙ,1.5300
ПАЗУХА,1.5300
СИОНИСТСКИЙ,1.5300
ЗДРАВСТВОВАТЬ,1.5200
ПОМНИТЬСЯ,1.5100
КАЗЁННЫЙ,1.4900
УГОДНЫЙ,1.4700
РЕСНИЦА,1.4600
ПОДОСЛАТЬ,1.4500
ПЕРЕСПРОСИТЬ,1.4400
ВСПЫХИВАТЬ,1.4400
ПЁСТРЫЙ,1.4300
БРЕЗГЛИВЫЙ,1.4300
АХНУТЬ,1.4200
ВЫТЯНУТЬСЯ,1.4100
ПРИПОДНЯТЬСЯ,1.4100
ПОТРЯСАТЬ,1.4000
ИНТОНАЦИЯ,1.4000
ЗАТИХНУТЬ,1.3800
КОНЕЧНОСТЬ,1.3800
ОТДАЛЁННЫЙ,1.3700
МОРОЖЕНЫЙ,1.3700
БЕЗНАДЁЖНЫЙ,1.3600
ПОГОДИТЬ,1.3500
УСТАВИТЬСЯ,1.3500
ВЫЛЕЗТЬ,1.3500
ОБРЕЧЁННЫЙ,1.3400
ПОМЧАТЬСЯ,1.3400
ВСКРИКНУТЬ,1.3400
ПОДЧЁРКИВАТЬ,1.3400
ВЫПИЛИТЬ,1.3400
ЩЁЛКНУТЬ,1.3300
ПОКАТИТЬСЯ,1.3300
ПРОТЯЖЕНИЕ,1.3200
ЛЁГКОСТЬ,1.3100
ВИЦА,1.3100
ИЗУМЛЕНИЕ,1.3100
ВСКИНУТЬ,1.3000
УСЛАТЬ,1.2800
ВАННЫЙ,1.2600
НЕТЕРПЕНИЕ,1.2500
СЛЫШАТЬСЯ,1.2500
ШАМПАНСКИЙ,1.2400
СМУТИТЬСЯ,1.2400
ПАПИРОСА,1.2400
ПОКАЗАНИЕ,1.2400
МЕЛЬКНУТЬ,1.2300
ОГЛЯДЕТЬ,1.2100
ПОЧТИТЕЛЬНЫЙ,1.2100
СПОХВАТИТЬСЯ,1.2000
ФИЗИОНОМИЯ,1.1600
СИДУШКА,1.1400
СООБРАЖЕНИЕ,1.1200
УСМЕХНУТЬСЯ,1.1000
ПОДРОБНОСТЬ,1.1000
ХЛЕБОСОЛЬНЫЙ,1.0900
ПОПОЛЗТИ,1.0800
СТЫДНЫЙ,1.0800
ПОКАЧИВАТЬСЯ,1.0700
СКОМАНДОВАТЬ,1.0200
ПОМОРЩИТЬСЯ,1.0000
РАСКАЛИТЬ,1.0000
СКОЛЬЗНУТЬ,0.9900
ДЕЛОВИТЫЙ,0.9700
ВСЕВОЗМОЖНЫЙ,0.9600
НАХМУРИТЬСЯ,0.9500
РАЗДАТЬСЯ,0.9500
ОГЛЯДЫВАТЬ,0.9300
ПРИТИХНУТЬ,0.9200
ПРЕДСТОЯТЬ,0.8500
ЗАХОТЕТЬСЯ,0.8100
ПРОБОРМОТАТЬ,0.8100
ЗАРОСЛЬ,0.6800
МОСТОВЫЙ,0.6700
РВАНУТЬСЯ,0.6600
РАСПАХНУТЬСЯ,0.6400
ЧАСТНОСТЬ,0.3800
ДОШЛЫЙ,-0.3000
СТРОЧОК,-0.3500
ПРИДТИСЬ,-0.4000
БАТОПОРТ,-0.4000
ЧЕРТОВЫЙ,-0.4000
БУРКНУТЬ,-0.4000
ИЗДАЛЁКА,-0.4000
ПОПАЛИТЬ,-0.4000
НОРОВИТЬ,-0.4000
ДОНЕСТИСЬ,-0.4500
СЛОЖЁННЫЙ,-0.4500
ВИДНЕТЬСЯ,-0.4500
ВСКРИЧАТЬ,-0.4500
РАЗУМЕТЬСЯ,-0.5000
ПОКОСИТЬСЯ,-0.5000
ПРОВОРЧАТЬ,-0.5000
НЕСКОЛЬКИЕ,-0.5000
ГИМНАСТЁРКА,-0.5500
ПОСЛЫШАТЬСЯ,-0.5500
ПРЕДНАЗНАЧИТЬ,-0.6500
ПЕРЕГЛЯНУТЬСЯ,-0.6500
